"predator","prey","From","To","Type"
"Amphibolurus burnsi","Araneidae","skinks","insect","Predator-prey"
"Amphibolurus burnsi","Blattodea","skinks","insect","Predator-prey"
"Amphibolurus burnsi","Chilopoda","skinks","insect","Predator-prey"
"Amphibolurus burnsi","Coleoptera","skinks","insect","Predator-prey"
"Amphibolurus burnsi","Lepidoptera","skinks","insect","Predator-prey"
"Anas superciliosa","Blattodea","bird","insect","Predator-prey"
"Anas superciliosa","Coleoptera","bird","insect","Predator-prey"
"Anas superciliosa","Triodia basedownii","bird","spinifex","Predator-prey"
"Anas superciliosa","Triodia longiceps","bird","spinifex","Predator-prey"
"Anas superciliosa","Triodia pungens","bird","spinifex","Predator-prey"
"Antaresia stimsoni","Ctenotus robustus","Snakes","skinks","Predator-prey"
"Antaresia stimsoni","Egernia kintorei","Snakes","skinks","Predator-prey"
"Antaresia stimsoni","Egernia striata","Snakes","skinks","Predator-prey"
"Antaresia stimsoni","Egernia striolata","Snakes","skinks","Predator-prey"
"Antaresia stimsoni","Hemiergis peronii","Snakes","skinks","Predator-prey"
"Antaresia stimsoni","Lagorchestes hirsutus","Snakes","small mammal","Predator-prey"
"Antaresia stimsoni","Leggadina forresti","Snakes","small mammal","Predator-prey"
"Antaresia stimsoni","Leiolopisma metallicum","Snakes","skinks","Predator-prey"
"Antaresia stimsoni","Leiolopisma trilineatum","Snakes","skinks","Predator-prey"
"Antaresia stimsoni","Lerista bougainvillea","Snakes","skinks","Predator-prey"
"Antaresia stimsoni","Menetia greyii","Snakes","skinks","Predator-prey"
"Antaresia stimsoni","Morethia lineoocellatus","Snakes","skinks","Predator-prey"
"Antaresia stimsoni","Notaden nichollsi","Snakes","skinks","Predator-prey"
"Antaresia stimsoni","Notomys sp.","Snakes","small mammal","Predator-prey"
"Antaresia stimsoni","Tiliqua multifasciata","Snakes","skinks","Predator-prey"
"Antaresia stimsoni","Tiliqua occipitalis","Snakes","skinks","Predator-prey"
"Antaresia stimsoni","Tiliqua scincoides","Snakes","skinks","Predator-prey"
"Antaresia stimsoni","Notoryctes caurinus","Snakes","small mammal","Predator-prey"
"Antaresia stimsoni","Petrogale lateralis","Snakes","small mammal","Predator-prey"
"Antaresia stimsoni","Tachyglossus aculeatus","Snakes","small mammal","Predator-prey"
"Aprasia striolata","Formicidae","skinks","insect","Predator-prey"
"Aprasia striolata","Lepidoptera","skinks","insect","Predator-prey"
"Ardeotis australis","Amphibolurus burnsi","bustard","skinks","Predator-prey"
"Ardeotis australis","Blattodea","bustard","insect","Predator-prey"
"Ardeotis australis","Chilopoda","bustard","insect","Predator-prey"
"Ardeotis australis","Coleoptera","bustard","insect","Predator-prey"
"Ardeotis australis","Ctenotus leonhardii","bustard","skinks","Predator-prey"
"Ardeotis australis","Ctenotus robustus","bustard","skinks","Predator-prey"
"Ardeotis australis","Ctenotus strauchii","bustard","skinks","Predator-prey"
"Ardeotis australis","Egernia striolata","bustard","skinks","Predator-prey"
"Ardeotis australis","Heteronotia binoei","bustard","skinks","Predator-prey"
"Ardeotis australis","Lepidoptera","bustard","insect","Predator-prey"
"Ardeotis australis","Notomys sp.","bustard","small mammal","Predator-prey"
"Ardeotis australis","Oedura marmorata","bustard","skinks","Predator-prey"
"Ardeotis australis","Pogona vitticeps","bustard","skinks","Predator-prey"
"Ardeotis australis","Pseudechis australis","bustard","Snakes","Predator-prey"
"Ardeotis australis","Pygopus schraderi","bustard","skinks","Predator-prey"
"Ardeotis australis","Solanum centrale","bustard","solanum","Predator-prey"
"Ardeotis australis","Solanum chippendalei","bustard","solanum","Predator-prey"
"Ardeotis australis","Solanum cleistogamum","bustard","solanum","Predator-prey"
"Ardeotis australis","Solanum diversiflorum","bustard","solanum","Predator-prey"
"Ardeotis australis","Solanum gilesii","bustard","solanum","Predator-prey"
"Ardeotis australis","Stiltia isabella","bustard","bird","Predator-prey"
"Ardeotis australis","Suta suta","bustard","Snakes","Predator-prey"
"Ardeotis australis","Taeniopygia guttata","bustard","bird","Predator-prey"
"Ardeotis australis","Tiliqua multifasciata","bustard","skinks","Predator-prey"
"Ardeotis australis","Tiliqua occipitalis","bustard","skinks","Predator-prey"
"Ardeotis australis","Triodia basedownii","bustard","spinifex","Predator-prey"
"Ardeotis australis","Triodia longiceps","bustard","spinifex","Predator-prey"
"Ardeotis australis","Triodia pungens","bustard","spinifex","Predator-prey"
"Ardeotis australis","Turnix velox","bustard","bird","Predator-prey"
"Ardeotis australis","Tympanocryptis tetraporophora","bustard","skinks","Predator-prey"
"Ardeotis australis","Varanus gouldii","bustard","goanna","Predator-prey"
"Ardeotis australis","Varanus tristis","bustard","goanna","Predator-prey"
"Ardeotis australis","Melopsittacus undulatus","bustard","bird","Predator-prey"
"Ardeotis australis","Notoryctes caurinus","bustard","small mammal","Predator-prey"
"Ardeotis australis","Ocyphaps lophotes","bustard","bird","Predator-prey"
"Aspidites melanocephalus","Bettongia lesueur","Snakes","small mammal","Predator-prey"
"Aspidites melanocephalus","Ctenophorus caudicinctus","Snakes","skinks","Predator-prey"
"Aspidites melanocephalus","Ctenophorus caudicinctus","Snakes","skinks","Predator-prey"
"Aspidites melanocephalus","Ctenotus isolepis","Snakes","skinks","Predator-prey"
"Aspidites melanocephalus","Ctenotus robustus","Snakes","skinks","Predator-prey"
"Aspidites melanocephalus","Egernia kintorei","Snakes","skinks","Predator-prey"
"Aspidites melanocephalus","Egernia striata","Snakes","skinks","Predator-prey"
"Aspidites melanocephalus","Egernia striolata","Snakes","skinks","Predator-prey"
"Aspidites melanocephalus","Hemiergis peronii","Snakes","skinks","Predator-prey"
"Aspidites melanocephalus","Lagorchestes hirsutus","Snakes","small mammal","Predator-prey"
"Aspidites melanocephalus","Leiolopisma metallicum","Snakes","skinks","Predator-prey"
"Aspidites melanocephalus","Leiolopisma trilineatum","Snakes","skinks","Predator-prey"
"Aspidites melanocephalus","Lerista bougainvillea","Snakes","skinks","Predator-prey"
"Aspidites melanocephalus","Lophognatus gilberti","Snakes","skinks","Predator-prey"
"Aspidites melanocephalus","Menetia greyii","Snakes","skinks","Predator-prey"
"Aspidites melanocephalus","Moloch horridus","Snakes","skinks","Predator-prey"
"Aspidites melanocephalus","Morethia lineoocellatus","Snakes","skinks","Predator-prey"
"Aspidites melanocephalus","Notomys sp.","Snakes","small mammal","Predator-prey"
"Aspidites melanocephalus","Pogona minor","Snakes","skinks","Predator-prey"
"Aspidites melanocephalus","Pogona minor","Snakes","skinks","Predator-prey"
"Aspidites melanocephalus","Pogona vitticeps","Snakes","skinks","Predator-prey"
"Aspidites melanocephalus","Pogona vitticeps","Snakes","skinks","Predator-prey"
"Aspidites melanocephalus","Pseudechis australis","Snakes","Snakes","Predator-prey"
"Aspidites melanocephalus","Pseudechis australis","Snakes","Snakes","Predator-prey"
"Aspidites melanocephalus","Reptile eggs","Snakes","eggs","Predator-prey"
"Aspidites melanocephalus","Suta suta","Snakes","Snakes","Predator-prey"
"Aspidites melanocephalus","Taeniopygia guttata","Snakes","bird","Predator-prey"
"Aspidites melanocephalus","Tiliqua occipitalis","Snakes","skinks","Predator-prey"
"Aspidites melanocephalus","Tiliqua scincoides","Snakes","skinks","Predator-prey"
"Aspidites melanocephalus","Varanus acanthurus","Snakes","goanna","Predator-prey"
"Aspidites melanocephalus","Varanus tristis","Snakes","goanna","Predator-prey"
"Aspidites melanocephalus","Melopsittacus undulatus","Snakes","bird","Predator-prey"
"Aspidites melanocephalus","Notoryctes caurinus","Snakes","small mammal","Predator-prey"
"Aspidites melanocephalus","Ocyphaps lophotes","Snakes","bird","Predator-prey"
"Aspidites melanocephalus","Petrogale lateralis","Snakes","small mammal","Predator-prey"
"Aspidites melanocephalus","Tachyglossus aculeatus","Snakes","small mammal","Predator-prey"
"Aspidites ramsayii","Bettongia lesueur","Snakes","small mammal","Predator-prey"
"Aspidites ramsayii","Ctenophorus caudicinctus","Snakes","skinks","Predator-prey"
"Aspidites ramsayii","Ctenophorus caudicinctus","Snakes","skinks","Predator-prey"
"Aspidites ramsayii","Ctenotus isolepis","Snakes","skinks","Predator-prey"
"Aspidites ramsayii","Egernia kintorei","Snakes","skinks","Predator-prey"
"Aspidites ramsayii","Egernia striata","Snakes","skinks","Predator-prey"
"Aspidites ramsayii","Egernia striolata","Snakes","skinks","Predator-prey"
"Aspidites ramsayii","Hemiergis peronii","Snakes","skinks","Predator-prey"
"Aspidites ramsayii","Lagorchestes hirsutus","Snakes","small mammal","Predator-prey"
"Aspidites ramsayii","Leiolopisma metallicum","Snakes","skinks","Predator-prey"
"Aspidites ramsayii","Leiolopisma trilineatum","Snakes","skinks","Predator-prey"
"Aspidites ramsayii","Lerista bougainvillea","Snakes","skinks","Predator-prey"
"Aspidites ramsayii","Lophognatus gilberti","Snakes","skinks","Predator-prey"
"Aspidites ramsayii","Menetia greyii","Snakes","skinks","Predator-prey"
"Aspidites ramsayii","Morethia lineoocellatus","Snakes","skinks","Predator-prey"
"Aspidites ramsayii","Notomys sp.","Snakes","small mammal","Predator-prey"
"Aspidites ramsayii","Oedura marmorata","Snakes","skinks","Predator-prey"
"Aspidites ramsayii","Oryctolagus cuniculus","Snakes","invasive small mammal","Predator-prey"
"Aspidites ramsayii","Pogona minor","Snakes","skinks","Predator-prey"
"Aspidites ramsayii","Pogona minor","Snakes","skinks","Predator-prey"
"Aspidites ramsayii","Pogona vitticeps","Snakes","skinks","Predator-prey"
"Aspidites ramsayii","Pseudechis australis","Snakes","Snakes","Predator-prey"
"Aspidites ramsayii","Reptile eggs","Snakes","eggs","Predator-prey"
"Aspidites ramsayii","Taeniopygia guttata","Snakes","bird","Predator-prey"
"Aspidites ramsayii","Tiliqua multifasciata","Snakes","skinks","Predator-prey"
"Aspidites ramsayii","Tiliqua occipitalis","Snakes","skinks","Predator-prey"
"Aspidites ramsayii","Tiliqua scincoides","Snakes","skinks","Predator-prey"
"Aspidites ramsayii","Varanus acanthurus","Snakes","goanna","Predator-prey"
"Aspidites ramsayii","Varanus gouldii","Snakes","goanna","Predator-prey"
"Aspidites ramsayii","Varanus tristis","Snakes","goanna","Predator-prey"
"Aspidites ramsayii","Melopsittacus undulatus","Snakes","bird","Predator-prey"
"Aspidites ramsayii","Notoryctes caurinus","Snakes","small mammal","Predator-prey"
"Aspidites ramsayii","Ocyphaps lophotes","Snakes","bird","Predator-prey"
"Aspidites ramsayii","Petrogale lateralis","Snakes","small mammal","Predator-prey"
"Aspidites ramsayii","Tachyglossus aculeatus","Snakes","small mammal","Predator-prey"
"Bettongia lesueur","Eragrostis eriopoda","small mammal","spinifex","Predator-prey"
"Bettongia lesueur","Eragrostis lanipes","small mammal","spinifex","Predator-prey"
"Bettongia lesueur","Eragrostis setifolia","small mammal","spinifex","Predator-prey"
"Bettongia lesueur","Panicum decompositum","small mammal","spinifex","Predator-prey"
"Bettongia lesueur","Plectrachne schinzii","small mammal","spinifex","Predator-prey"
"Bettongia lesueur","Ptilotus exaltatus","small mammal","forb","Predator-prey"
"Bettongia lesueur","Ptilotus macrocephalus","small mammal","forb","Predator-prey"
"Bettongia lesueur","Ptilotus polystachyus","small mammal","forb","Predator-prey"
"Bettongia lesueur","Sida calyxhymenia","small mammal","bush","Predator-prey"
"Bettongia lesueur","Triodia basedownii","small mammal","spinifex","Predator-prey"
"Bettongia lesueur","Triodia longiceps","small mammal","spinifex","Predator-prey"
"Bettongia lesueur","Triodia pungens","small mammal","spinifex","Predator-prey"
"Calyptorhynchus roseicapilla","Acacia acradenia","bird","Acacia","Predator-prey"
"Calyptorhynchus roseicapilla","Acacia aneura","bird","Acacia","Predator-prey"
"Calyptorhynchus roseicapilla","Acacia coriacea","bird","Acacia","Predator-prey"
"Calyptorhynchus roseicapilla","Acacia cowleana","bird","Acacia","Predator-prey"
"Calyptorhynchus roseicapilla","Acacia cuthbertsoni","bird","Acacia","Predator-prey"
"Calyptorhynchus roseicapilla","Acacia dictyophleba","bird","Acacia","Predator-prey"
"Calyptorhynchus roseicapilla","Acacia kempeana","bird","Acacia","Predator-prey"
"Calyptorhynchus roseicapilla","Acacia ligulata","bird","Acacia","Predator-prey"
"Calyptorhynchus roseicapilla","Acacia pruinocarpa","bird","Acacia","Predator-prey"
"Calyptorhynchus roseicapilla","Acacia spondylophylla","bird","Acacia","Predator-prey"
"Calyptorhynchus roseicapilla","Acacia tetragonophylla","bird","Acacia","Predator-prey"
"Calyptorhynchus roseicapilla","Allocasuarina decaisneana","bird","Acacia","Predator-prey"
"Calyptorhynchus roseicapilla","Eucalyptus opaca","bird","Acacia","Predator-prey"
"Camelus dromedarius","Amyema sp.","camel","vine","Predator-prey"
"Camelus dromedarius","Canthium attenuatum","camel","vine","Predator-prey"
"Camelus dromedarius","Canthium latifolium","camel","vine","Predator-prey"
"Camelus dromedarius","Capparis loranthifolia","camel","bush","Predator-prey"
"Camelus dromedarius","Capparis umbonata","camel","bush","Predator-prey"
"Camelus dromedarius","Cynanchum floribundum","camel","bush","Predator-prey"
"Camelus dromedarius","Dactyloctenium radulans","camel","forb","Predator-prey"
"Camelus dromedarius","Eragrostis eriopoda","camel","spinifex","Predator-prey"
"Camelus dromedarius","Eragrostis lanipes","camel","spinifex","Predator-prey"
"Camelus dromedarius","Eragrostis setifolia","camel","spinifex","Predator-prey"
"Camelus dromedarius","Hakea leucoptera","camel","wama","Predator-prey"
"Camelus dromedarius","Leptosema chambersii","camel","bush","Predator-prey"
"Camelus dromedarius","Panicum decompositum","camel","spinifex","Predator-prey"
"Camelus dromedarius","Plectrachne schinzii","camel","spinifex","Predator-prey"
"Camelus dromedarius","Ptilotus polystachyus","camel","forb","Predator-prey"
"Camelus dromedarius","Santalum acuminatum","camel","bush","Predator-prey"
"Camelus dromedarius","Santalum lanceolatum","camel","bush","Predator-prey"
"Camelus dromedarius","Sida calyxhymenia","camel","bush","Predator-prey"
"Camelus dromedarius","Solanum centrale","camel","solanum","Predator-prey"
"Camelus dromedarius","Solanum chippendalei","camel","solanum","Predator-prey"
"Camelus dromedarius","Solanum cleistogamum","camel","solanum","Predator-prey"
"Camelus dromedarius","Solanum diversiflorum","camel","solanum","Predator-prey"
"Camelus dromedarius","Solanum gilesii","camel","solanum","Predator-prey"
"Camelus dromedarius","Solanum lasiophyllum","camel","solanum","Predator-prey"
"Camelus dromedarius","Tecticornia verrucosa","camel","bush","Predator-prey"
"Camelus dromedarius","Thryptomene maisonneuve","camel","bush","Predator-prey"
"Camelus dromedarius","Thyridolepis multiculmis","camel","spinifex","Predator-prey"
"Camelus dromedarius","Triodia basedownii","camel","spinifex","Predator-prey"
"Camelus dromedarius","Triodia longiceps","camel","spinifex","Predator-prey"
"Camelus dromedarius","Triodia longiceps","camel","spinifex","Predator-prey"
"Camelus dromedarius","Triodia pungens","camel","spinifex","Predator-prey"
"Camelus dromedarius","Triodia pungens","camel","spinifex","Predator-prey"
"Camelus dromedarius","Yakirra australiensis","camel","spinifex","Predator-prey"
"Camelus dromedarius","Grevillea eriostachya","camel","wama","Predator-prey"
"Camelus dromedarius","Grevillea stenobotrya","camel","wama","Predator-prey"
"Camelus dromedarius","Grevillea wickhamii","camel","wama","Predator-prey"
"Chaeropus ecaudatus","Eragrostis eriopoda","small mammal","spinifex","Predator-prey"
"Chaeropus ecaudatus","Eragrostis lanipes","small mammal","spinifex","Predator-prey"
"Chaeropus ecaudatus","Eragrostis setifolia","small mammal","spinifex","Predator-prey"
"Chaeropus ecaudatus","Panicum decompositum","small mammal","spinifex","Predator-prey"
"Chaeropus ecaudatus","Plectrachne schinzii","small mammal","spinifex","Predator-prey"
"Chaeropus ecaudatus","Ptilotus polystachyus","small mammal","forb","Predator-prey"
"Chaeropus ecaudatus","Triodia basedownii","small mammal","spinifex","Predator-prey"
"Chaeropus ecaudatus","Triodia longiceps","small mammal","spinifex","Predator-prey"
"Chaeropus ecaudatus","Triodia pungens","small mammal","spinifex","Predator-prey"
"Corvus cecilae","Acacia acradenia","bird","Acacia","Predator-prey"
"Corvus cecilae","Acacia aneura","bird","Acacia","Predator-prey"
"Corvus cecilae","Acacia coriacea","bird","Acacia","Predator-prey"
"Corvus cecilae","Acacia cowleana","bird","Acacia","Predator-prey"
"Corvus cecilae","Acacia cuthbertsoni","bird","Acacia","Predator-prey"
"Corvus cecilae","Acacia dictyophleba","bird","Acacia","Predator-prey"
"Corvus cecilae","Acacia kempeana","bird","Acacia","Predator-prey"
"Corvus cecilae","Acacia ligulata","bird","Acacia","Predator-prey"
"Corvus cecilae","Acacia pruinocarpa","bird","Acacia","Predator-prey"
"Corvus cecilae","Acacia spondylophylla","bird","Acacia","Predator-prey"
"Corvus cecilae","Blattodea","bird","insect","Predator-prey"
"Corvus cecilae","Chenopodium curvispicatum","bird","forb","Predator-prey"
"Corvus cecilae","Coleoptera","bird","insect","Predator-prey"
"Corvus cecilae","Cucumis melo (agrestis)","bird","vine","Predator-prey"
"Corvus cecilae","Diptera","bird","insect","Predator-prey"
"Corvus cecilae","Enchylaena tomentosa","bird","bush","Predator-prey"
"Corvus cecilae","Formicidae","bird","insect","Predator-prey"
"Corvus cecilae","Heteroptera","bird","insect","Predator-prey"
"Corvus cecilae","human","bird","human","Predator-prey"
"Corvus cecilae","Lagorchestes hirsutus","bird","small mammal","Predator-prey"
"Corvus cecilae","Leiolopisma metallicum","bird","skinks","Predator-prey"
"Corvus cecilae","Mantodea","bird","insect","Predator-prey"
"Corvus cecilae","Orthoptera","bird","insect","Predator-prey"
"Corvus cecilae","Pseudechis australis","bird","Snakes","Predator-prey"
"Corvus cecilae","Psylla eucalypti","bird","vine","Predator-prey"
"Corvus cecilae","Taeniopygia guttata","bird","bird","Predator-prey"
"Corvus cecilae","Triodia basedownii","bird","spinifex","Predator-prey"
"Corvus cecilae","Triodia longiceps","bird","spinifex","Predator-prey"
"Corvus cecilae","Triodia pungens","bird","spinifex","Predator-prey"
"Corvus cecilae","Falco longipennis","bird","bird","Predator-prey"
"Corvus cecilae","Varanus acanthurus","bird","goanna","Predator-prey"
"Corvus cecilae","Melopsittacus undulatus","bird","bird","Predator-prey"
"Corvus cecilae","Ocyphaps lophotes","bird","bird","Predator-prey"
"Corvus cecilae","Petrogale lateralis","bird","small mammal","Predator-prey"
"Corvus cecilae","Tachyglossus aculeatus","bird","small mammal","Predator-prey"
"Corvus cecilae","Anas superciliosa","bird","bird","Predator-prey"
"Ctenophorus caudicinctus","Araneidae","skinks","insect","Predator-prey"
"Ctenophorus caudicinctus","Blattodea","skinks","insect","Predator-prey"
"Ctenophorus caudicinctus","Blattodea","skinks","insect","Predator-prey"
"Ctenophorus caudicinctus","Chilopoda","skinks","insect","Predator-prey"
"Ctenophorus caudicinctus","Coleoptera","skinks","insect","Predator-prey"
"Ctenophorus caudicinctus","Ctenotus robustus","skinks","skinks","Predator-prey"
"Ctenophorus caudicinctus","Diptera","skinks","insect","Predator-prey"
"Ctenophorus caudicinctus","Formicidae","skinks","insect","Predator-prey"
"Ctenophorus caudicinctus","Heteroptera","skinks","insect","Predator-prey"
"Ctenophorus caudicinctus","Lepidoptera","skinks","insect","Predator-prey"
"Ctenophorus caudicinctus","Mantodea","skinks","insect","Predator-prey"
"Ctenophorus caudicinctus","Neuroptera","skinks","insect","Predator-prey"
"Ctenophorus caudicinctus","Orthoptera","skinks","insect","Predator-prey"
"Ctenophorus caudicinctus","Phasmatodea","skinks","insect","Predator-prey"
"Ctenophorus caudicinctus","Zygentoma ","skinks","insect","Predator-prey"
"Ctenotus isolepis","Araneidae","skinks","insect","Predator-prey"
"Ctenotus isolepis","Blattodea","skinks","insect","Predator-prey"
"Ctenotus isolepis","Blattodea","skinks","insect","Predator-prey"
"Ctenotus isolepis","Chilopoda","skinks","insect","Predator-prey"
"Ctenotus isolepis","Coleoptera","skinks","insect","Predator-prey"
"Ctenotus isolepis","Ctenotus robustus","skinks","skinks","Predator-prey"
"Ctenotus isolepis","Diptera","skinks","insect","Predator-prey"
"Ctenotus isolepis","Formicidae","skinks","insect","Predator-prey"
"Ctenotus isolepis","Heteroptera","skinks","insect","Predator-prey"
"Ctenotus isolepis","Lepidoptera","skinks","insect","Predator-prey"
"Ctenotus isolepis","Mantodea","skinks","insect","Predator-prey"
"Ctenotus isolepis","Neuroptera","skinks","insect","Predator-prey"
"Ctenotus isolepis","Orthoptera","skinks","insect","Predator-prey"
"Ctenotus isolepis","Phasmatodea","skinks","insect","Predator-prey"
"Ctenotus isolepis","Zygentoma ","skinks","insect","Predator-prey"
"Ctenotus leonhardii","Araneidae","skinks","insect","Predator-prey"
"Ctenotus leonhardii","Blattodea","skinks","insect","Predator-prey"
"Ctenotus leonhardii","Blattodea","skinks","insect","Predator-prey"
"Ctenotus leonhardii","Chilopoda","skinks","insect","Predator-prey"
"Ctenotus leonhardii","Coleoptera","skinks","insect","Predator-prey"
"Ctenotus leonhardii","Ctenotus robustus","skinks","skinks","Predator-prey"
"Ctenotus leonhardii","Diptera","skinks","insect","Predator-prey"
"Ctenotus leonhardii","Formicidae","skinks","insect","Predator-prey"
"Ctenotus leonhardii","Heteroptera","skinks","insect","Predator-prey"
"Ctenotus leonhardii","Lepidoptera","skinks","insect","Predator-prey"
"Ctenotus leonhardii","Mantodea","skinks","insect","Predator-prey"
"Ctenotus leonhardii","Neuroptera","skinks","insect","Predator-prey"
"Ctenotus leonhardii","Orthoptera","skinks","insect","Predator-prey"
"Ctenotus leonhardii","Phasmatodea","skinks","insect","Predator-prey"
"Ctenotus leonhardii","Zygentoma ","skinks","insect","Predator-prey"
"Ctenotus robustus","Araneidae","skinks","insect","Predator-prey"
"Ctenotus robustus","Blattodea","skinks","insect","Predator-prey"
"Ctenotus robustus","Blattodea","skinks","insect","Predator-prey"
"Ctenotus robustus","Chilopoda","skinks","insect","Predator-prey"
"Ctenotus robustus","Coleoptera","skinks","insect","Predator-prey"
"Ctenotus robustus","Ctenotus robustus","skinks","skinks","Predator-prey"
"Ctenotus robustus","Diptera","skinks","insect","Predator-prey"
"Ctenotus robustus","Formicidae","skinks","insect","Predator-prey"
"Ctenotus robustus","Heteroptera","skinks","insect","Predator-prey"
"Ctenotus robustus","Lepidoptera","skinks","insect","Predator-prey"
"Ctenotus robustus","Mantodea","skinks","insect","Predator-prey"
"Ctenotus robustus","Neuroptera","skinks","insect","Predator-prey"
"Ctenotus robustus","Orthoptera","skinks","insect","Predator-prey"
"Ctenotus robustus","Phasmatodea","skinks","insect","Predator-prey"
"Ctenotus robustus","Zygentoma ","skinks","insect","Predator-prey"
"Ctenotus strauchii","Araneidae","skinks","insect","Predator-prey"
"Ctenotus strauchii","Blattodea","skinks","insect","Predator-prey"
"Ctenotus strauchii","Blattodea","skinks","insect","Predator-prey"
"Ctenotus strauchii","Chilopoda","skinks","insect","Predator-prey"
"Ctenotus strauchii","Coleoptera","skinks","insect","Predator-prey"
"Ctenotus strauchii","Ctenotus robustus","skinks","skinks","Predator-prey"
"Ctenotus strauchii","Diptera","skinks","insect","Predator-prey"
"Ctenotus strauchii","Formicidae","skinks","insect","Predator-prey"
"Ctenotus strauchii","Heteroptera","skinks","insect","Predator-prey"
"Ctenotus strauchii","Lepidoptera","skinks","insect","Predator-prey"
"Ctenotus strauchii","Mantodea","skinks","insect","Predator-prey"
"Ctenotus strauchii","Neuroptera","skinks","insect","Predator-prey"
"Ctenotus strauchii","Orthoptera","skinks","insect","Predator-prey"
"Ctenotus strauchii","Phasmatodea","skinks","insect","Predator-prey"
"Ctenotus strauchii","Zygentoma ","skinks","insect","Predator-prey"
"Dasycercus cristicauda","Araneidae","small mammal","insect","Predator-prey"
"Dasycercus cristicauda","Blattodea","small mammal","insect","Predator-prey"
"Dasycercus cristicauda","Camponotus inflatus","small mammal","insect","Predator-prey"
"Dasycercus cristicauda","Chilopoda","small mammal","insect","Predator-prey"
"Dasycercus cristicauda","Coleoptera","small mammal","insect","Predator-prey"
"Dasycercus cristicauda","Formicidae","small mammal","insect","Predator-prey"
"Dasycercus cristicauda","Lepidoptera","small mammal","insect","Predator-prey"
"Dasycercus cristicauda","Mantodea","small mammal","insect","Predator-prey"
"Dasycercus cristicauda","Neuroptera","small mammal","insect","Predator-prey"
"Dasycercus cristicauda","Orthoptera","small mammal","insect","Predator-prey"
"Dasycercus cristicauda","Phasmatodea","small mammal","insect","Predator-prey"
"Dasycercus cristicauda","Scorpionida","small mammal","insect","Predator-prey"
"Dasycercus cristicauda","Trigona sp.","small mammal","insect","Predator-prey"
"Dasycercus cristicauda","Zygentoma ","small mammal","insect","Predator-prey"
"Dasycercus hilleri","Araneidae","small mammal","insect","Predator-prey"
"Dasycercus hilleri","Blattodea","small mammal","insect","Predator-prey"
"Dasycercus hilleri","Camponotus inflatus","small mammal","insect","Predator-prey"
"Dasycercus hilleri","Chilopoda","small mammal","insect","Predator-prey"
"Dasycercus hilleri","Coleoptera","small mammal","insect","Predator-prey"
"Dasycercus hilleri","Formicidae","small mammal","insect","Predator-prey"
"Dasycercus hilleri","Lepidoptera","small mammal","insect","Predator-prey"
"Dasycercus hilleri","Mantodea","small mammal","insect","Predator-prey"
"Dasycercus hilleri","Neuroptera","small mammal","insect","Predator-prey"
"Dasycercus hilleri","Orthoptera","small mammal","insect","Predator-prey"
"Dasycercus hilleri","Phasmatodea","small mammal","insect","Predator-prey"
"Dasycercus hilleri","Scorpionida","small mammal","insect","Predator-prey"
"Dasycercus hilleri","Trigona sp.","small mammal","insect","Predator-prey"
"Dasycercus hilleri","Zygentoma ","small mammal","insect","Predator-prey"
"Dasyurus hallucatus","Bettongia lesueur","small mammal","small mammal","Predator-prey"
"Dasyurus hallucatus","Chaeropus ecaudatus","small mammal","small mammal","Predator-prey"
"Dasyurus hallucatus","Lagorchestes hirsutus","small mammal","small mammal","Predator-prey"
"Dasyurus hallucatus","Macrotis lagotis","small mammal","small mammal","Predator-prey"
"Dasyurus hallucatus","Notomys sp.","small mammal","small mammal","Predator-prey"
"Dasyurus hallucatus","Orthoptera","small mammal","insect","Predator-prey"
"Dasyurus hallucatus","Perameles eremiana","small mammal","small mammal","Predator-prey"
"Dasyurus hallucatus","Taeniopygia guttata","small mammal","bird","Predator-prey"
"Dasyurus hallucatus","Isodon auratus","small mammal","small mammal","Predator-prey"
"Dasyurus hallucatus","Melopsittacus undulatus","small mammal","bird","Predator-prey"
"Dasyurus hallucatus","Notoryctes caurinus","small mammal","small mammal","Predator-prey"
"Dasyurus hallucatus","Ocyphaps lophotes","small mammal","bird","Predator-prey"
"Dasyurus hallucatus","Petrogale lateralis","small mammal","small mammal","Predator-prey"
"Dasyurus hallucatus","Tachyglossus aculeatus","small mammal","small mammal","Predator-prey"
"Dromaius novaehollandiae","Acacia aneura","emu","Acacia","Predator-prey"
"Dromaius novaehollandiae","Allocasuarina decaisneana","emu","Acacia","Predator-prey"
"Dromaius novaehollandiae","Amyema sp.","emu","vine","Predator-prey"
"Dromaius novaehollandiae","Canthium attenuatum","emu","vine","Predator-prey"
"Dromaius novaehollandiae","Canthium latifolium","emu","vine","Predator-prey"
"Dromaius novaehollandiae","Capparis loranthifolia","emu","bush","Predator-prey"
"Dromaius novaehollandiae","Capparis umbonata","emu","bush","Predator-prey"
"Dromaius novaehollandiae","Chenopodium curvispicatum","emu","forb","Predator-prey"
"Dromaius novaehollandiae","Cynanchum floribundum","emu","bush","Predator-prey"
"Dromaius novaehollandiae","Daucus glochidiatus","emu","forb","Predator-prey"
"Dromaius novaehollandiae","Enchylaena tomentosa","emu","bush","Predator-prey"
"Dromaius novaehollandiae","Endoxyla cinerea","emu","grub","Predator-prey"
"Dromaius novaehollandiae","Eremophila longifolia","emu","forb","Predator-prey"
"Dromaius novaehollandiae","Grevillea eriostachya","emu","wama","Predator-prey"
"Dromaius novaehollandiae","Grevillea stenobotrya","emu","wama","Predator-prey"
"Dromaius novaehollandiae","Grevillea wickhamii","emu","wama","Predator-prey"
"Dromaius novaehollandiae","Hakea leucoptera","emu","wama","Predator-prey"
"Dromaius novaehollandiae","Hakea suberea","emu","wama","Predator-prey"
"Dromaius novaehollandiae","Leiolopisma metallicum","emu","skinks","Predator-prey"
"Dromaius novaehollandiae","Leiolopisma trilineatum","emu","skinks","Predator-prey"
"Dromaius novaehollandiae","Nitraria billardierei","emu","bush","Predator-prey"
"Dromaius novaehollandiae","Plectrachne schinzii","emu","spinifex","Predator-prey"
"Dromaius novaehollandiae","Ptilotus exaltatus","emu","forb","Predator-prey"
"Dromaius novaehollandiae","Santalum acuminatum","emu","bush","Predator-prey"
"Dromaius novaehollandiae","Tecticornia verrucosa","emu","bush","Predator-prey"
"Dromaius novaehollandiae","Tetragonia eremaea","emu","forb","Predator-prey"
"Dromaius novaehollandiae","Thyridolepis multiculmis","emu","spinifex","Predator-prey"
"Dromaius novaehollandiae","Eremophila latrobei","emu","forb","Predator-prey"
"Egernia kintorei","Blattodea","skinks","insect","Predator-prey"
"Egernia kintorei","Formicidae","skinks","insect","Predator-prey"
"Egernia kintorei","Plectrachne schinzii","skinks","spinifex","Predator-prey"
"Egernia kintorei","Scaevola parvifolia","skinks","bush","Predator-prey"
"Egernia kintorei","Senna sp.","skinks","bush","Predator-prey"
"Egernia kintorei","Solanum centrale","skinks","solanum","Predator-prey"
"Egernia kintorei","Solanum chippendalei","skinks","solanum","Predator-prey"
"Egernia kintorei","Solanum cleistogamum","skinks","solanum","Predator-prey"
"Egernia kintorei","Solanum diversiflorum","skinks","solanum","Predator-prey"
"Egernia kintorei","Solanum gilesii","skinks","solanum","Predator-prey"
"Egernia kintorei","Solanum lasiophyllum","skinks","solanum","Predator-prey"
"Egernia kintorei","Tetragonia eremaea","skinks","forb","Predator-prey"
"Egernia kintorei","Triodia basedownii","skinks","spinifex","Predator-prey"
"Egernia kintorei","Triodia longiceps","skinks","spinifex","Predator-prey"
"Egernia kintorei","Triodia pungens","skinks","spinifex","Predator-prey"
"Egernia kintorei","Yakirra australiensis","skinks","spinifex","Predator-prey"
"Egernia striata","Blattodea","skinks","insect","Predator-prey"
"Egernia striata","Camponotus inflatus","skinks","insect","Predator-prey"
"Egernia striata","Formicidae","skinks","insect","Predator-prey"
"Egernia striata","Plectrachne schinzii","skinks","spinifex","Predator-prey"
"Egernia striata","Scaevola parvifolia","skinks","bush","Predator-prey"
"Egernia striata","Senna sp.","skinks","bush","Predator-prey"
"Egernia striata","Solanum centrale","skinks","solanum","Predator-prey"
"Egernia striata","Solanum chippendalei","skinks","solanum","Predator-prey"
"Egernia striata","Solanum cleistogamum","skinks","solanum","Predator-prey"
"Egernia striata","Solanum diversiflorum","skinks","solanum","Predator-prey"
"Egernia striata","Solanum gilesii","skinks","solanum","Predator-prey"
"Egernia striata","Solanum lasiophyllum","skinks","solanum","Predator-prey"
"Egernia striata","Tetragonia eremaea","skinks","forb","Predator-prey"
"Egernia striata","Triodia basedownii","skinks","spinifex","Predator-prey"
"Egernia striata","Triodia longiceps","skinks","spinifex","Predator-prey"
"Egernia striata","Triodia pungens","skinks","spinifex","Predator-prey"
"Egernia striata","Yakirra australiensis","skinks","spinifex","Predator-prey"
"Egernia striolata","Blattodea","skinks","insect","Predator-prey"
"Egernia striolata","Camponotus inflatus","skinks","insect","Predator-prey"
"Egernia striolata","Formicidae","skinks","insect","Predator-prey"
"Egernia striolata","Plectrachne schinzii","skinks","spinifex","Predator-prey"
"Egernia striolata","Scaevola parvifolia","skinks","bush","Predator-prey"
"Egernia striolata","Senna sp.","skinks","bush","Predator-prey"
"Egernia striolata","Solanum centrale","skinks","solanum","Predator-prey"
"Egernia striolata","Solanum chippendalei","skinks","solanum","Predator-prey"
"Egernia striolata","Solanum cleistogamum","skinks","solanum","Predator-prey"
"Egernia striolata","Solanum diversiflorum","skinks","solanum","Predator-prey"
"Egernia striolata","Solanum gilesii","skinks","solanum","Predator-prey"
"Egernia striolata","Solanum lasiophyllum","skinks","solanum","Predator-prey"
"Egernia striolata","Tetragonia eremaea","skinks","forb","Predator-prey"
"Egernia striolata","Triodia basedownii","skinks","spinifex","Predator-prey"
"Egernia striolata","Triodia longiceps","skinks","spinifex","Predator-prey"
"Egernia striolata","Triodia pungens","skinks","spinifex","Predator-prey"
"Egernia striolata","Yakirra australiensis","skinks","spinifex","Predator-prey"
"Endoxyla cinerea","Acacia acradenia","grub","Acacia","Predator-prey"
"Endoxyla cinerea","Acacia aneura","grub","Acacia","Predator-prey"
"Endoxyla cinerea","Acacia coriacea","grub","Acacia","Predator-prey"
"Endoxyla cinerea","Acacia cowleana","grub","Acacia","Predator-prey"
"Endoxyla cinerea","Acacia cuthbertsoni","grub","Acacia","Predator-prey"
"Endoxyla cinerea","Acacia dictyophleba","grub","Acacia","Predator-prey"
"Endoxyla cinerea","Acacia kempeana","grub","Acacia","Predator-prey"
"Endoxyla cinerea","Acacia ligulata","grub","Acacia","Predator-prey"
"Endoxyla cinerea","Acacia pruinocarpa","grub","Acacia","Predator-prey"
"Endoxyla cinerea","Acacia spondylophylla","grub","Acacia","Predator-prey"
"Endoxyla cinerea","Acacia tetragonophylla","grub","Acacia","Predator-prey"
"Endoxyla leucomochla","Acacia acradenia","grub","Acacia","Predator-prey"
"Endoxyla leucomochla","Acacia aneura","grub","Acacia","Predator-prey"
"Endoxyla leucomochla","Acacia coriacea","grub","Acacia","Predator-prey"
"Endoxyla leucomochla","Acacia cowleana","grub","Acacia","Predator-prey"
"Endoxyla leucomochla","Acacia cuthbertsoni","grub","Acacia","Predator-prey"
"Endoxyla leucomochla","Acacia dictyophleba","grub","Acacia","Predator-prey"
"Endoxyla leucomochla","Acacia kempeana","grub","Acacia","Predator-prey"
"Endoxyla leucomochla","Acacia ligulata","grub","Acacia","Predator-prey"
"Endoxyla leucomochla","Acacia pruinocarpa","grub","Acacia","Predator-prey"
"Endoxyla leucomochla","Acacia spondylophylla","grub","Acacia","Predator-prey"
"Endoxyla leucomochla","Acacia tetragonophylla","grub","Acacia","Predator-prey"
"Falco longipennis","Amphibolurus burnsi","bird","skinks","Predator-prey"
"Falco longipennis","Aprasia striolata","bird","skinks","Predator-prey"
"Falco longipennis","Araneidae","bird","insect","Predator-prey"
"Falco longipennis","Bettongia lesueur","bird","small mammal","Predator-prey"
"Falco longipennis","Blattodea","bird","insect","Predator-prey"
"Falco longipennis","Chilopoda","bird","insect","Predator-prey"
"Falco longipennis","Coleoptera","bird","insect","Predator-prey"
"Falco longipennis","Ctenotus isolepis","bird","skinks","Predator-prey"
"Falco longipennis","Ctenotus isolepis","bird","skinks","Predator-prey"
"Falco longipennis","Ctenotus leonhardii","bird","skinks","Predator-prey"
"Falco longipennis","Ctenotus leonhardii","bird","skinks","Predator-prey"
"Falco longipennis","Ctenotus robustus","bird","skinks","Predator-prey"
"Falco longipennis","Ctenotus robustus","bird","skinks","Predator-prey"
"Falco longipennis","Ctenotus strauchii","bird","skinks","Predator-prey"
"Falco longipennis","Dasycercus cristicauda","bird","small mammal","Predator-prey"
"Falco longipennis","Dasycercus hilleri","bird","small mammal","Predator-prey"
"Falco longipennis","Dasyurus hallucatus","bird","small mammal","Predator-prey"
"Falco longipennis","Formicidae","bird","insect","Predator-prey"
"Falco longipennis","Heteronotia binoei","bird","skinks","Predator-prey"
"Falco longipennis","Leiolopisma metallicum","bird","skinks","Predator-prey"
"Falco longipennis","Leiolopisma trilineatum","bird","skinks","Predator-prey"
"Falco longipennis","Lepidoptera","bird","insect","Predator-prey"
"Falco longipennis","Oedura marmorata","bird","skinks","Predator-prey"
"Falco longipennis","Orthoptera","bird","insect","Predator-prey"
"Falco longipennis","Suta suta","bird","Snakes","Predator-prey"
"Fulica atra","Bdelloid","bird","insect","Predator-prey"
"Fulica atra","Brachionus sp.","bird","insect","Predator-prey"
"Fulica atra","Cephalodella sp.","bird","insect","Predator-prey"
"Fulica atra","Lemna disperma","bird","insect","Predator-prey"
"Fulica atra","Myriophyllum crispatum","bird","rush","Predator-prey"
"Fulica atra","Nematodes","bird","insect","Predator-prey"
"Fulica atra","Ostracods","bird","insect","Predator-prey"
"Fulica atra","Protozoans (ciliates)","bird","insect","Predator-prey"
"Fulica atra","Typha dominguensis","bird","rush","Predator-prey"
"Fulica atra","Typha orientalis","bird","rush","Predator-prey"
"Hemiergis peronii","Araneidae","skinks","insect","Predator-prey"
"Hemiergis peronii","Chilopoda","skinks","insect","Predator-prey"
"Hemiergis peronii","Chortoicetes terminifera","skinks","insect","Predator-prey"
"Hemiergis peronii","Coleoptera","skinks","insect","Predator-prey"
"Hemiergis peronii","Endoxyla cinerea","skinks","grub","Predator-prey"
"Hemiergis peronii","Endoxyla leucomochla","skinks","grub","Predator-prey"
"Hemiergis peronii","Lepidoptera","skinks","insect","Predator-prey"
"Hemiergis peronii","Scorpionida","skinks","insect","Predator-prey"
"Hemiergis peronii","Trigona sp.","skinks","insect","Predator-prey"
"Heteronotia binoei","Chilopoda","skinks","insect","Predator-prey"
"Heteronotia binoei","Chortoicetes terminifera","skinks","insect","Predator-prey"
"Heteronotia binoei","Coleoptera","skinks","insect","Predator-prey"
"Heteronotia binoei","Lepidoptera","skinks","insect","Predator-prey"
"Isodon auratus","Acacia acradenia","small mammal","Acacia","Predator-prey"
"Isodon auratus","Acacia aneura","small mammal","Acacia","Predator-prey"
"Isodon auratus","Acacia coriacea","small mammal","Acacia","Predator-prey"
"Isodon auratus","Acacia cowleana","small mammal","Acacia","Predator-prey"
"Isodon auratus","Acacia cuthbertsoni","small mammal","Acacia","Predator-prey"
"Isodon auratus","Acacia dictyophleba","small mammal","Acacia","Predator-prey"
"Isodon auratus","Acacia kempeana","small mammal","Acacia","Predator-prey"
"Isodon auratus","Acacia ligulata","small mammal","Acacia","Predator-prey"
"Isodon auratus","Acacia pruinocarpa","small mammal","Acacia","Predator-prey"
"Isodon auratus","Acacia spondylophylla","small mammal","Acacia","Predator-prey"
"Isodon auratus","Acacia tetragonophylla","small mammal","Acacia","Predator-prey"
"Isodon auratus","Araneidae","small mammal","insect","Predator-prey"
"Isodon auratus","Blattodea","small mammal","insect","Predator-prey"
"Isodon auratus","Chilopoda","small mammal","insect","Predator-prey"
"Isodon auratus","Coleoptera","small mammal","insect","Predator-prey"
"Isodon auratus","Daucus glochidiatus","small mammal","forb","Predator-prey"
"Isodon auratus","Eremophila longifolia","small mammal","forb","Predator-prey"
"Isodon auratus","Formicidae","small mammal","insect","Predator-prey"
"Isodon auratus","Nitraria billardierei","small mammal","bush","Predator-prey"
"Isodon auratus","Tetragonia eremaea","small mammal","forb","Predator-prey"
"Leggadina forresti","Araneidae","small mammal","insect","Predator-prey"
"Leggadina forresti","Blattodea","small mammal","insect","Predator-prey"
"Leggadina forresti","Chilopoda","small mammal","insect","Predator-prey"
"Leggadina forresti","Coleoptera","small mammal","insect","Predator-prey"
"Leggadina forresti","Eragrostis eriopoda","small mammal","spinifex","Predator-prey"
"Leggadina forresti","Eragrostis lanipes","small mammal","spinifex","Predator-prey"
"Leggadina forresti","Eragrostis setifolia","small mammal","spinifex","Predator-prey"
"Leggadina forresti","Lepidoptera","small mammal","insect","Predator-prey"
"Leggadina forresti","Panicum decompositum","small mammal","spinifex","Predator-prey"
"Leggadina forresti","Plectrachne schinzii","small mammal","spinifex","Predator-prey"
"Leggadina forresti","Rhyncharrhena linearis","small mammal","forb","Predator-prey"
"Leggadina forresti","Thyridolepis multiculmis","small mammal","spinifex","Predator-prey"
"Leggadina forresti","Triodia longiceps","small mammal","spinifex","Predator-prey"
"Leggadina forresti","Triodia pungens","small mammal","spinifex","Predator-prey"
"Leggadina forresti","Yakirra australiensis","small mammal","spinifex","Predator-prey"
"Leiolopisma metallicum","Araneidae","skinks","insect","Predator-prey"
"Leiolopisma metallicum","Chilopoda","skinks","insect","Predator-prey"
"Leiolopisma metallicum","Chortoicetes terminifera","skinks","insect","Predator-prey"
"Leiolopisma metallicum","Coleoptera","skinks","insect","Predator-prey"
"Leiolopisma metallicum","Endoxyla cinerea","skinks","grub","Predator-prey"
"Leiolopisma metallicum","Endoxyla leucomochla","skinks","grub","Predator-prey"
"Leiolopisma metallicum","Lepidoptera","skinks","insect","Predator-prey"
"Leiolopisma metallicum","Scorpionida","skinks","insect","Predator-prey"
"Leiolopisma metallicum","Trigona sp.","skinks","insect","Predator-prey"
"Leiolopisma trilineatum","Araneidae","skinks","insect","Predator-prey"
"Leiolopisma trilineatum","Chilopoda","skinks","insect","Predator-prey"
"Leiolopisma trilineatum","Chortoicetes terminifera","skinks","insect","Predator-prey"
"Leiolopisma trilineatum","Coleoptera","skinks","insect","Predator-prey"
"Leiolopisma trilineatum","Endoxyla cinerea","skinks","grub","Predator-prey"
"Leiolopisma trilineatum","Endoxyla leucomochla","skinks","grub","Predator-prey"
"Leiolopisma trilineatum","Lepidoptera","skinks","insect","Predator-prey"
"Leiolopisma trilineatum","Scorpionida","skinks","insect","Predator-prey"
"Leiolopisma trilineatum","Trigona sp.","skinks","insect","Predator-prey"
"Lerista bougainvillea","Blattodea","skinks","insect","Predator-prey"
"Lerista bougainvillea","Coleoptera","skinks","insect","Predator-prey"
"Lerista bougainvillea","Formicidae","skinks","insect","Predator-prey"
"Lerista bougainvillea","Heteroptera","skinks","insect","Predator-prey"
"Lerista bougainvillea","Trigona sp.","skinks","insect","Predator-prey"
"Lophognatus gilberti","Blattodea","skinks","insect","Predator-prey"
"Lophognatus gilberti","Formicidae","skinks","insect","Predator-prey"
"Macropus robustus","Calandrinia polyandra","kangaroo","forb","Predator-prey"
"Macropus robustus","Eragrostis eriopoda","kangaroo","spinifex","Predator-prey"
"Macropus robustus","Eragrostis lanipes","kangaroo","spinifex","Predator-prey"
"Macropus robustus","Eragrostis setifolia","kangaroo","spinifex","Predator-prey"
"Macropus robustus","Plectrachne schinzii","kangaroo","spinifex","Predator-prey"
"Macropus robustus","Ptilotus exaltatus","kangaroo","forb","Predator-prey"
"Macropus robustus","Ptilotus macrocephalus","kangaroo","forb","Predator-prey"
"Macropus robustus","Ptilotus polystachyus","kangaroo","forb","Predator-prey"
"Macropus robustus","Sida calyxhymenia","kangaroo","bush","Predator-prey"
"Macropus robustus","Thyridolepis multiculmis","kangaroo","spinifex","Predator-prey"
"Macropus robustus","Triodia basedownii","kangaroo","spinifex","Predator-prey"
"Macropus robustus","Triodia longiceps","kangaroo","spinifex","Predator-prey"
"Macropus robustus","Triodia pungens","kangaroo","spinifex","Predator-prey"
"Macropus rufus","Eragrostis eriopoda","kangaroo","spinifex","Predator-prey"
"Macropus rufus","Eragrostis lanipes","kangaroo","spinifex","Predator-prey"
"Macropus rufus","Eragrostis setifolia","kangaroo","spinifex","Predator-prey"
"Macropus rufus","Panicum decompositum","kangaroo","spinifex","Predator-prey"
"Macropus rufus","Plectrachne schinzii","kangaroo","spinifex","Predator-prey"
"Macropus rufus","Ptilotus exaltatus","kangaroo","forb","Predator-prey"
"Macropus rufus","Ptilotus macrocephalus","kangaroo","forb","Predator-prey"
"Macropus rufus","Ptilotus polystachyus","kangaroo","forb","Predator-prey"
"Macropus rufus","Sida calyxhymenia","kangaroo","bush","Predator-prey"
"Macropus rufus","Triodia basedownii","kangaroo","spinifex","Predator-prey"
"Macropus rufus","Triodia longiceps","kangaroo","spinifex","Predator-prey"
"Macropus rufus","Triodia pungens","kangaroo","spinifex","Predator-prey"
"Macrotis lagotis","Araneidae","small mammal","insect","Predator-prey"
"Macrotis lagotis","Blattodea","small mammal","insect","Predator-prey"
"Macrotis lagotis","Coleoptera","small mammal","insect","Predator-prey"
"Macrotis lagotis","Formicidae","small mammal","insect","Predator-prey"
"Macrotis lagotis","Orthoptera","small mammal","insect","Predator-prey"
"Melopsittacus undulatus","Acacia acradenia","bird","Acacia","Predator-prey"
"Melopsittacus undulatus","Acacia aneura","bird","Acacia","Predator-prey"
"Melopsittacus undulatus","Acacia coriacea","bird","Acacia","Predator-prey"
"Melopsittacus undulatus","Acacia cowleana","bird","Acacia","Predator-prey"
"Melopsittacus undulatus","Acacia cuthbertsoni","bird","Acacia","Predator-prey"
"Melopsittacus undulatus","Acacia dictyophleba","bird","Acacia","Predator-prey"
"Melopsittacus undulatus","Acacia kempeana","bird","Acacia","Predator-prey"
"Melopsittacus undulatus","Acacia ligulata","bird","Acacia","Predator-prey"
"Melopsittacus undulatus","Acacia pruinocarpa","bird","Acacia","Predator-prey"
"Melopsittacus undulatus","Acacia spondylophylla","bird","Acacia","Predator-prey"
"Melopsittacus undulatus","Acacia tetragonophylla","bird","Acacia","Predator-prey"
"Menetia greyii","Blattodea","skinks","insect","Predator-prey"
"Menetia greyii","Chilopoda","skinks","insect","Predator-prey"
"Menetia greyii","Coleoptera","skinks","insect","Predator-prey"
"Menetia greyii","Formicidae","skinks","insect","Predator-prey"
"Menetia greyii","Lepidoptera","skinks","insect","Predator-prey"
"Menetia greyii","Orthoptera","skinks","insect","Predator-prey"
"Moloch horridus","Camponotus inflatus","skinks","insect","Predator-prey"
"Moloch horridus","Formicidae","skinks","insect","Predator-prey"
"Morethia lineoocellatus","Blattodea","skinks","insect","Predator-prey"
"Morethia lineoocellatus","Chilopoda","skinks","insect","Predator-prey"
"Morethia lineoocellatus","Coleoptera","skinks","insect","Predator-prey"
"Morethia lineoocellatus","Formicidae","skinks","insect","Predator-prey"
"Morethia lineoocellatus","Lepidoptera","skinks","insect","Predator-prey"
"Morethia lineoocellatus","Orthoptera","skinks","insect","Predator-prey"
"Notaden nichollsi","Blattodea","skinks","insect","Predator-prey"
"Notaden nichollsi","Camponotus inflatus","skinks","insect","Predator-prey"
"Notaden nichollsi","Formicidae","skinks","insect","Predator-prey"
"Notomys sp.","Araneidae","small mammal","insect","Predator-prey"
"Notomys sp.","Blattodea","small mammal","insect","Predator-prey"
"Notomys sp.","Chilopoda","small mammal","insect","Predator-prey"
"Notomys sp.","Coleoptera","small mammal","insect","Predator-prey"
"Notomys sp.","Eragrostis eriopoda","small mammal","spinifex","Predator-prey"
"Notomys sp.","Eragrostis lanipes","small mammal","spinifex","Predator-prey"
"Notomys sp.","Eragrostis setifolia","small mammal","spinifex","Predator-prey"
"Notomys sp.","Lepidoptera","small mammal","insect","Predator-prey"
"Notomys sp.","Panicum decompositum","small mammal","spinifex","Predator-prey"
"Notomys sp.","Plectrachne schinzii","small mammal","spinifex","Predator-prey"
"Notomys sp.","Rhyncharrhena linearis","small mammal","forb","Predator-prey"
"Notomys sp.","Thyridolepis multiculmis","small mammal","spinifex","Predator-prey"
"Notomys sp.","Triodia longiceps","small mammal","spinifex","Predator-prey"
"Notomys sp.","Triodia pungens","small mammal","spinifex","Predator-prey"
"Notomys sp.","Yakirra australiensis","small mammal","spinifex","Predator-prey"
"Notoryctes caurinus","Araneidae","small mammal","insect","Predator-prey"
"Notoryctes caurinus","Blattodea","small mammal","insect","Predator-prey"
"Notoryctes caurinus","Coleoptera","small mammal","insect","Predator-prey"
"Notoryctes caurinus","Formicidae","small mammal","insect","Predator-prey"
"Notoryctes caurinus","Heteroptera","small mammal","insect","Predator-prey"
"Notoryctes caurinus","Lepidoptera","small mammal","insect","Predator-prey"
"Notoryctes caurinus","Orthoptera","small mammal","insect","Predator-prey"
"Notoryctes caurinus","Scorpionida","small mammal","insect","Predator-prey"
"Notoryctes caurinus","Trigona sp.","small mammal","insect","Predator-prey"
"Ocyphaps lophotes","Amyema sp.","bird","vine","Predator-prey"
"Ocyphaps lophotes","Araneidae","bird","insect","Predator-prey"
"Ocyphaps lophotes","Blattodea","bird","insect","Predator-prey"
"Ocyphaps lophotes","Canthium attenuatum","bird","vine","Predator-prey"
"Ocyphaps lophotes","Canthium latifolium","bird","vine","Predator-prey"
"Ocyphaps lophotes","Capparis loranthifolia","bird","bush","Predator-prey"
"Ocyphaps lophotes","Capparis umbonata","bird","bush","Predator-prey"
"Ocyphaps lophotes","Chilopoda","bird","insect","Predator-prey"
"Ocyphaps lophotes","Coleoptera","bird","insect","Predator-prey"
"Ocyphaps lophotes","Cynanchum floribundum","bird","bush","Predator-prey"
"Ocyphaps lophotes","Eragrostis eriopoda","bird","spinifex","Predator-prey"
"Ocyphaps lophotes","Eragrostis lanipes","bird","spinifex","Predator-prey"
"Ocyphaps lophotes","Eragrostis setifolia","bird","spinifex","Predator-prey"
"Ocyphaps lophotes","Lepidoptera","bird","insect","Predator-prey"
"Ocyphaps lophotes","Panicum decompositum","bird","spinifex","Predator-prey"
"Ocyphaps lophotes","Plectrachne schinzii","bird","spinifex","Predator-prey"
"Ocyphaps lophotes","Rhyncharrhena linearis","bird","forb","Predator-prey"
"Ocyphaps lophotes","Tecticornia verrucosa","bird","bush","Predator-prey"
"Ocyphaps lophotes","Thyridolepis multiculmis","bird","spinifex","Predator-prey"
"Ocyphaps lophotes","Triodia longiceps","bird","spinifex","Predator-prey"
"Ocyphaps lophotes","Triodia pungens","bird","spinifex","Predator-prey"
"Ocyphaps lophotes","Yakirra australiensis","bird","spinifex","Predator-prey"
"Oedura marmorata","Blattodea","skinks","insect","Predator-prey"
"Oedura marmorata","Chilopoda","skinks","insect","Predator-prey"
"Oedura marmorata","Coleoptera","skinks","insect","Predator-prey"
"Oedura marmorata","Formicidae","skinks","insect","Predator-prey"
"Oedura marmorata","Lepidoptera","skinks","insect","Predator-prey"
"Oedura marmorata","Menetia greyii","skinks","skinks","Predator-prey"
"Oedura marmorata","Morethia lineoocellatus","skinks","skinks","Predator-prey"
"Oedura marmorata","Orthoptera","skinks","insect","Predator-prey"
"Oedura marmorata","Tiliqua multifasciata","skinks","skinks","Predator-prey"
"Oedura marmorata","Tiliqua occipitalis","skinks","skinks","Predator-prey"
"Oryctolagus cuniculus","Amyema sp.","invasive small mammal","vine","Predator-prey"
"Oryctolagus cuniculus","Canthium attenuatum","invasive small mammal","vine","Predator-prey"
"Oryctolagus cuniculus","Canthium latifolium","invasive small mammal","vine","Predator-prey"
"Oryctolagus cuniculus","Capparis loranthifolia","invasive small mammal","bush","Predator-prey"
"Oryctolagus cuniculus","Capparis umbonata","invasive small mammal","bush","Predator-prey"
"Oryctolagus cuniculus","Cynanchum floribundum","invasive small mammal","bush","Predator-prey"
"Oryctolagus cuniculus","Eragrostis eriopoda","invasive small mammal","spinifex","Predator-prey"
"Oryctolagus cuniculus","Eragrostis lanipes","invasive small mammal","spinifex","Predator-prey"
"Oryctolagus cuniculus","Eragrostis setifolia","invasive small mammal","spinifex","Predator-prey"
"Oryctolagus cuniculus","Panicum decompositum","invasive small mammal","spinifex","Predator-prey"
"Oryctolagus cuniculus","Plectrachne schinzii","invasive small mammal","spinifex","Predator-prey"
"Oryctolagus cuniculus","Ptilotus exaltatus","invasive small mammal","forb","Predator-prey"
"Oryctolagus cuniculus","Ptilotus macrocephalus","invasive small mammal","forb","Predator-prey"
"Oryctolagus cuniculus","Ptilotus polystachyus","invasive small mammal","forb","Predator-prey"
"Oryctolagus cuniculus","Sida calyxhymenia","invasive small mammal","bush","Predator-prey"
"Oryctolagus cuniculus","Tecticornia verrucosa","invasive small mammal","bush","Predator-prey"
"Oryctolagus cuniculus","Triodia basedownii","invasive small mammal","spinifex","Predator-prey"
"Oryctolagus cuniculus","Triodia longiceps","invasive small mammal","spinifex","Predator-prey"
"Oryctolagus cuniculus","Triodia pungens","invasive small mammal","spinifex","Predator-prey"
"Perameles eremiana","Blattodea","small mammal","insect","Predator-prey"
"Perameles eremiana","Camponotus inflatus","small mammal","insect","Predator-prey"
"Perameles eremiana","Eragrostis eriopoda","small mammal","spinifex","Predator-prey"
"Perameles eremiana","Eragrostis lanipes","small mammal","spinifex","Predator-prey"
"Perameles eremiana","Eragrostis setifolia","small mammal","spinifex","Predator-prey"
"Perameles eremiana","Formicidae","small mammal","insect","Predator-prey"
"Perameles eremiana","Panicum decompositum","small mammal","spinifex","Predator-prey"
"Perameles eremiana","Plectrachne schinzii","small mammal","spinifex","Predator-prey"
"Perameles eremiana","Ptilotus polystachyus","small mammal","forb","Predator-prey"
"Perameles eremiana","Triodia basedownii","small mammal","spinifex","Predator-prey"
"Perameles eremiana","Triodia longiceps","small mammal","spinifex","Predator-prey"
"Perameles eremiana","Triodia pungens","small mammal","spinifex","Predator-prey"
"Petrogale lateralis","Eragrostis eriopoda","small mammal","spinifex","Predator-prey"
"Petrogale lateralis","Eragrostis lanipes","small mammal","spinifex","Predator-prey"
"Petrogale lateralis","Eragrostis setifolia","small mammal","spinifex","Predator-prey"
"Petrogale lateralis","Panicum decompositum","small mammal","spinifex","Predator-prey"
"Petrogale lateralis","Plectrachne schinzii","small mammal","spinifex","Predator-prey"
"Petrogale lateralis","Rhyncharrhena linearis","small mammal","forb","Predator-prey"
"Petrogale lateralis","Thyridolepis multiculmis","small mammal","spinifex","Predator-prey"
"Petrogale lateralis","Triodia longiceps","small mammal","spinifex","Predator-prey"
"Petrogale lateralis","Triodia pungens","small mammal","spinifex","Predator-prey"
"Petrogale lateralis","Yakirra australiensis","small mammal","spinifex","Predator-prey"
"Pogona minor","Blattodea","skinks","insect","Predator-prey"
"Pogona minor","Camponotus inflatus","skinks","insect","Predator-prey"
"Pogona minor","Formicidae","skinks","insect","Predator-prey"
"Pogona vitticeps","Blattodea","skinks","insect","Predator-prey"
"Pogona vitticeps","Camponotus inflatus","skinks","insect","Predator-prey"
"Pogona vitticeps","Formicidae","skinks","insect","Predator-prey"
"Pseudechis australis","Amphibolurus burnsi","Snakes","skinks","Predator-prey"
"Pseudechis australis","Ctenotus isolepis","Snakes","skinks","Predator-prey"
"Pseudechis australis","Ctenotus leonhardii","Snakes","skinks","Predator-prey"
"Pseudechis australis","Ctenotus robustus","Snakes","skinks","Predator-prey"
"Pseudechis australis","Ctenotus strauchii","Snakes","skinks","Predator-prey"
"Pseudechis australis","Dasycercus cristicauda","Snakes","small mammal","Predator-prey"
"Pseudechis australis","Dasycercus hilleri","Snakes","small mammal","Predator-prey"
"Pseudechis australis","Egernia striolata","Snakes","skinks","Predator-prey"
"Pseudechis australis","Hemiergis peronii","Snakes","skinks","Predator-prey"
"Pseudechis australis","Heteronotia binoei","Snakes","skinks","Predator-prey"
"Pseudechis australis","Leggadina forresti","Snakes","small mammal","Predator-prey"
"Pseudechis australis","Leiolopisma metallicum","Snakes","skinks","Predator-prey"
"Pseudechis australis","Leiolopisma trilineatum","Snakes","skinks","Predator-prey"
"Pseudechis australis","Notomys sp.","Snakes","small mammal","Predator-prey"
"Pseudechis australis","Oedura marmorata","Snakes","skinks","Predator-prey"
"Pseudechis australis","Notoryctes caurinus","Snakes","small mammal","Predator-prey"
"Pygopus schraderi","Araneidae","skinks","insect","Predator-prey"
"Pygopus schraderi","Blattodea","skinks","insect","Predator-prey"
"Pygopus schraderi","Chilopoda","skinks","insect","Predator-prey"
"Pygopus schraderi","Coleoptera","skinks","insect","Predator-prey"
"Pygopus schraderi","Lepidoptera","skinks","insect","Predator-prey"
"Sminthopsis macroura","Araneidae","small mammal","insect","Predator-prey"
"Sminthopsis macroura","Chilopoda","small mammal","insect","Predator-prey"
"Sminthopsis macroura","Coleoptera","small mammal","insect","Predator-prey"
"Stiltia isabella","Araneidae","bird","insect","Predator-prey"
"Stiltia isabella","Blattodea","bird","insect","Predator-prey"
"Stiltia isabella","Chilopoda","bird","insect","Predator-prey"
"Stiltia isabella","Coleoptera","bird","insect","Predator-prey"
"Stiltia isabella","Lepidoptera","bird","insect","Predator-prey"
"Suta suta","Amphibolurus burnsi","Snakes","skinks","Predator-prey"
"Suta suta","Ctenotus isolepis","Snakes","skinks","Predator-prey"
"Suta suta","Ctenotus leonhardii","Snakes","skinks","Predator-prey"
"Suta suta","Ctenotus robustus","Snakes","skinks","Predator-prey"
"Suta suta","Ctenotus strauchii","Snakes","skinks","Predator-prey"
"Suta suta","Dasycercus cristicauda","Snakes","small mammal","Predator-prey"
"Suta suta","Dasycercus hilleri","Snakes","small mammal","Predator-prey"
"Suta suta","Egernia striolata","Snakes","skinks","Predator-prey"
"Suta suta","Hemiergis peronii","Snakes","skinks","Predator-prey"
"Suta suta","Heteronotia binoei","Snakes","skinks","Predator-prey"
"Suta suta","Leggadina forresti","Snakes","small mammal","Predator-prey"
"Suta suta","Leiolopisma metallicum","Snakes","skinks","Predator-prey"
"Suta suta","Leiolopisma trilineatum","Snakes","skinks","Predator-prey"
"Suta suta","Notomys sp.","Snakes","small mammal","Predator-prey"
"Suta suta","Oedura marmorata","Snakes","skinks","Predator-prey"
"Suta suta","Notoryctes caurinus","Snakes","small mammal","Predator-prey"
"Tachyglossus aculeatus","Blattodea","small mammal","insect","Predator-prey"
"Tachyglossus aculeatus","Camponotus inflatus","small mammal","insect","Predator-prey"
"Tachyglossus aculeatus","Formicidae","small mammal","insect","Predator-prey"
"Taeniopygia guttata","Amyema sp.","bird","vine","Predator-prey"
"Taeniopygia guttata","Canthium attenuatum","bird","vine","Predator-prey"
"Taeniopygia guttata","Canthium latifolium","bird","vine","Predator-prey"
"Taeniopygia guttata","Capparis loranthifolia","bird","bush","Predator-prey"
"Taeniopygia guttata","Capparis umbonata","bird","bush","Predator-prey"
"Taeniopygia guttata","Cynanchum floribundum","bird","bush","Predator-prey"
"Taeniopygia guttata","Eragrostis eriopoda","bird","spinifex","Predator-prey"
"Taeniopygia guttata","Eragrostis lanipes","bird","spinifex","Predator-prey"
"Taeniopygia guttata","Eragrostis setifolia","bird","spinifex","Predator-prey"
"Taeniopygia guttata","Panicum decompositum","bird","spinifex","Predator-prey"
"Taeniopygia guttata","Plectrachne schinzii","bird","spinifex","Predator-prey"
"Taeniopygia guttata","Ptilotus exaltatus","bird","forb","Predator-prey"
"Taeniopygia guttata","Ptilotus macrocephalus","bird","forb","Predator-prey"
"Taeniopygia guttata","Ptilotus polystachyus","bird","forb","Predator-prey"
"Taeniopygia guttata","Sida calyxhymenia","bird","bush","Predator-prey"
"Taeniopygia guttata","Tecticornia verrucosa","bird","bush","Predator-prey"
"Taeniopygia guttata","Triodia basedownii","bird","spinifex","Predator-prey"
"Taeniopygia guttata","Triodia longiceps","bird","spinifex","Predator-prey"
"Taeniopygia guttata","Triodia pungens","bird","spinifex","Predator-prey"
"Tiliqua multifasciata","Araneidae","skinks","insect","Predator-prey"
"Tiliqua multifasciata","Chilopoda","skinks","insect","Predator-prey"
"Tiliqua multifasciata","Chortoicetes terminifera","skinks","insect","Predator-prey"
"Tiliqua multifasciata","Coleoptera","skinks","insect","Predator-prey"
"Tiliqua multifasciata","Endoxyla cinerea","skinks","grub","Predator-prey"
"Tiliqua multifasciata","Endoxyla leucomochla","skinks","grub","Predator-prey"
"Tiliqua multifasciata","Lepidoptera","skinks","insect","Predator-prey"
"Tiliqua multifasciata","Scorpionida","skinks","insect","Predator-prey"
"Tiliqua multifasciata","Trigona sp.","skinks","insect","Predator-prey"
"Tiliqua occipitalis","Araneidae","skinks","insect","Predator-prey"
"Tiliqua occipitalis","Chilopoda","skinks","insect","Predator-prey"
"Tiliqua occipitalis","Chortoicetes terminifera","skinks","insect","Predator-prey"
"Tiliqua occipitalis","Coleoptera","skinks","insect","Predator-prey"
"Tiliqua occipitalis","Endoxyla cinerea","skinks","grub","Predator-prey"
"Tiliqua occipitalis","Endoxyla leucomochla","skinks","grub","Predator-prey"
"Tiliqua occipitalis","Lepidoptera","skinks","insect","Predator-prey"
"Tiliqua occipitalis","Scorpionida","skinks","insect","Predator-prey"
"Tiliqua occipitalis","Trigona sp.","skinks","insect","Predator-prey"
"Tiliqua scincoides","Araneidae","skinks","insect","Predator-prey"
"Tiliqua scincoides","Chilopoda","skinks","insect","Predator-prey"
"Tiliqua scincoides","Chortoicetes terminifera","skinks","insect","Predator-prey"
"Tiliqua scincoides","Coleoptera","skinks","insect","Predator-prey"
"Tiliqua scincoides","Endoxyla cinerea","skinks","grub","Predator-prey"
"Tiliqua scincoides","Endoxyla leucomochla","skinks","grub","Predator-prey"
"Tiliqua scincoides","Lepidoptera","skinks","insect","Predator-prey"
"Tiliqua scincoides","Scorpionida","skinks","insect","Predator-prey"
"Tiliqua scincoides","Trigona sp.","skinks","insect","Predator-prey"
"Trichosurus vulpecula","Amyema sp.","small mammal","vine","Predator-prey"
"Trichosurus vulpecula","Canthium attenuatum","small mammal","vine","Predator-prey"
"Trichosurus vulpecula","Canthium latifolium","small mammal","vine","Predator-prey"
"Trichosurus vulpecula","Capparis loranthifolia","small mammal","bush","Predator-prey"
"Trichosurus vulpecula","Capparis umbonata","small mammal","bush","Predator-prey"
"Trichosurus vulpecula","Cynanchum floribundum","small mammal","bush","Predator-prey"
"Trichosurus vulpecula","Eremophila latrobei","small mammal","forb","Predator-prey"
"Trichosurus vulpecula","Eucalyptus opaca","small mammal","Acacia","Predator-prey"
"Trichosurus vulpecula","Ficus brachypoda","small mammal","vine","Predator-prey"
"Trichosurus vulpecula","Hakea suberea","small mammal","wama","Predator-prey"
"Trichosurus vulpecula","Leptosema chambersii","small mammal","bush","Predator-prey"
"Trichosurus vulpecula","Ptilotus exaltatus","small mammal","forb","Predator-prey"
"Trichosurus vulpecula","Ptilotus macrocephalus","small mammal","forb","Predator-prey"
"Trichosurus vulpecula","Santalum acuminatum","small mammal","bush","Predator-prey"
"Trichosurus vulpecula","Santalum lanceolatum","small mammal","bush","Predator-prey"
"Trichosurus vulpecula","Tecticornia verrucosa","small mammal","bush","Predator-prey"
"Turnix velox","Eragrostis eriopoda","bird","spinifex","Predator-prey"
"Turnix velox","Eragrostis lanipes","bird","spinifex","Predator-prey"
"Turnix velox","Eragrostis setifolia","bird","spinifex","Predator-prey"
"Turnix velox","Panicum decompositum","bird","spinifex","Predator-prey"
"Turnix velox","Plectrachne schinzii","bird","spinifex","Predator-prey"
"Turnix velox","Ptilotus exaltatus","bird","forb","Predator-prey"
"Turnix velox","Ptilotus macrocephalus","bird","forb","Predator-prey"
"Turnix velox","Ptilotus polystachyus","bird","forb","Predator-prey"
"Turnix velox","Sida calyxhymenia","bird","bush","Predator-prey"
"Turnix velox","Triodia basedownii","bird","spinifex","Predator-prey"
"Turnix velox","Triodia longiceps","bird","spinifex","Predator-prey"
"Turnix velox","Triodia pungens","bird","spinifex","Predator-prey"
"Tympanocryptis tetraporophora","Blattodea","skinks","insect","Predator-prey"
"Tympanocryptis tetraporophora","Camponotus inflatus","skinks","insect","Predator-prey"
"Tympanocryptis tetraporophora","Formicidae","skinks","insect","Predator-prey"
"Varanus acanthurus","Araneidae","goanna","insect","Predator-prey"
"Varanus acanthurus","Blattodea","goanna","insect","Predator-prey"
"Varanus acanthurus","Coleoptera","goanna","insect","Predator-prey"
"Varanus acanthurus","Lepidoptera","goanna","insect","Predator-prey"
"Varanus acanthurus","Orthoptera","goanna","insect","Predator-prey"
"Varanus giganteus","Aprasia striolata","goanna","skinks","Predator-prey"
"Varanus giganteus","Araneidae","goanna","insect","Predator-prey"
"Varanus giganteus","Bird egg shell","goanna","eggs","Predator-prey"
"Varanus giganteus","Blattodea","goanna","insect","Predator-prey"
"Varanus giganteus","Chilopoda","goanna","insect","Predator-prey"
"Varanus giganteus","Coleoptera","goanna","insect","Predator-prey"
"Varanus giganteus","Hemiergis peronii","goanna","skinks","Predator-prey"
"Varanus giganteus","human","goanna","human","Predator-prey"
"Varanus giganteus","Leiolopisma metallicum","goanna","skinks","Predator-prey"
"Varanus giganteus","Leiolopisma trilineatum","goanna","skinks","Predator-prey"
"Varanus giganteus","Lepidoptera","goanna","insect","Predator-prey"
"Varanus giganteus","Lerista bougainvillea","goanna","skinks","Predator-prey"
"Varanus giganteus","Menetia greyii","goanna","skinks","Predator-prey"
"Varanus giganteus","Morethia lineoocellatus","goanna","skinks","Predator-prey"
"Varanus giganteus","Reptile eggs","goanna","eggs","Predator-prey"
"Varanus giganteus","Scorpionida","goanna","insect","Predator-prey"
"Varanus giganteus","Varanus gouldii","goanna","goanna","Predator-prey"
"Varanus gouldii","Aprasia striolata","goanna","skinks","Predator-prey"
"Varanus gouldii","Araneidae","goanna","insect","Predator-prey"
"Varanus gouldii","Bird egg shell","goanna","eggs","Predator-prey"
"Varanus gouldii","Blattodea","goanna","insect","Predator-prey"
"Varanus gouldii","Chilopoda","goanna","insect","Predator-prey"
"Varanus gouldii","Coleoptera","goanna","insect","Predator-prey"
"Varanus gouldii","Hemiergis peronii","goanna","skinks","Predator-prey"
"Varanus gouldii","human","goanna","human","Predator-prey"
"Varanus gouldii","Leiolopisma metallicum","goanna","skinks","Predator-prey"
"Varanus gouldii","Leiolopisma trilineatum","goanna","skinks","Predator-prey"
"Varanus gouldii","Lepidoptera","goanna","insect","Predator-prey"
"Varanus gouldii","Lerista bougainvillea","goanna","skinks","Predator-prey"
"Varanus gouldii","Menetia greyii","goanna","skinks","Predator-prey"
"Varanus gouldii","Morethia lineoocellatus","goanna","skinks","Predator-prey"
"Varanus gouldii","Reptile eggs","goanna","eggs","Predator-prey"
"Varanus gouldii","Scorpionida","goanna","insect","Predator-prey"
"Varanus gouldii","Varanus gouldii","goanna","goanna","Predator-prey"
"Varanus panoptes","Aprasia striolata","goanna","skinks","Predator-prey"
"Varanus panoptes","Araneidae","goanna","insect","Predator-prey"
"Varanus panoptes","Bird egg shell","goanna","eggs","Predator-prey"
"Varanus panoptes","Blattodea","goanna","insect","Predator-prey"
"Varanus panoptes","Chilopoda","goanna","insect","Predator-prey"
"Varanus panoptes","Coleoptera","goanna","insect","Predator-prey"
"Varanus panoptes","Hemiergis peronii","goanna","skinks","Predator-prey"
"Varanus panoptes","human","goanna","human","Predator-prey"
"Varanus panoptes","Leiolopisma metallicum","goanna","skinks","Predator-prey"
"Varanus panoptes","Leiolopisma trilineatum","goanna","skinks","Predator-prey"
"Varanus panoptes","Lepidoptera","goanna","insect","Predator-prey"
"Varanus panoptes","Lerista bougainvillea","goanna","skinks","Predator-prey"
"Varanus panoptes","Menetia greyii","goanna","skinks","Predator-prey"
"Varanus panoptes","Morethia lineoocellatus","goanna","skinks","Predator-prey"
"Varanus panoptes","Reptile eggs","goanna","eggs","Predator-prey"
"Varanus panoptes","Scorpionida","goanna","insect","Predator-prey"
"Varanus panoptes","Varanus gouldii","goanna","goanna","Predator-prey"
"Varanus tristis","Araneidae","goanna","insect","Predator-prey"
"Varanus tristis","Blattodea","goanna","insect","Predator-prey"
"Varanus tristis","Coleoptera","goanna","insect","Predator-prey"
"Varanus tristis","Ctenophorus caudicinctus","goanna","skinks","Predator-prey"
"Varanus tristis","Ctenotus isolepis","goanna","skinks","Predator-prey"
"Varanus tristis","Formicidae","goanna","insect","Predator-prey"
"Varanus tristis","Lepidoptera","goanna","insect","Predator-prey"
"Varanus tristis","Lophognatus gilberti","goanna","skinks","Predator-prey"
"Varanus tristis","Orthoptera","goanna","insect","Predator-prey"
"Varanus tristis","Pogona minor","goanna","skinks","Predator-prey"
"Varanus tristis","Pogona vitticeps","goanna","skinks","Predator-prey"
"Vulpes vulpes","Araneidae","invasive small mammal","insect","Predator-prey"
"Vulpes vulpes","Bird egg shell","invasive small mammal","eggs","Predator-prey"
"Vulpes vulpes","Blattodea","invasive small mammal","insect","Predator-prey"
"Vulpes vulpes","Coleoptera","invasive small mammal","insect","Predator-prey"
"Vulpes vulpes","Lepidoptera","invasive small mammal","insect","Predator-prey"
"Vulpes vulpes","Notomys sp.","invasive small mammal","small mammal","Predator-prey"
"Vulpes vulpes","Reptile eggs","invasive small mammal","eggs","Predator-prey"
"Vulpes vulpes","Trichosurus vulpecula","invasive small mammal","small mammal","Predator-prey"
"Vulpes vulpes","Aquila audax","invasive small mammal","eagle","Predator-prey"
"Vulpes vulpes","Ardeotis australis","invasive small mammal","bustard","Predator-prey"
"Vulpes vulpes","Trichosurus vulpecula","invasive small mammal","small mammal","Predator-prey"
"Vulpes vulpes","Notoryctes caurinus","invasive small mammal","small mammal","Predator-prey"
"Aquila audax","Bettongia lesueur","eagle","small mammal","Predator-prey"
"Aquila audax","Canis lupus dingo","eagle","dingo","Predator-prey"
"Aquila audax","Chaeropus ecaudatus","eagle","small mammal","Predator-prey"
"Aquila audax","Ctenophorus caudicinctus","eagle","skinks","Predator-prey"
"Aquila audax","Ctenotus isolepis","eagle","skinks","Predator-prey"
"Aquila audax","Felis catus","eagle","invasive small mammal","Predator-prey"
"Aquila audax","Lagorchestes hirsutus","eagle","small mammal","Predator-prey"
"Aquila audax","Lophognatus gilberti","eagle","skinks","Predator-prey"
"Aquila audax","Macropus robustus","eagle","kangaroo","Predator-prey"
"Aquila audax","Notomys sp.","eagle","small mammal","Predator-prey"
"Aquila audax","Orthoptera","eagle","insect","Predator-prey"
"Aquila audax","Perameles eremiana","eagle","small mammal","Predator-prey"
"Aquila audax","Pogona minor","eagle","skinks","Predator-prey"
"Aquila audax","Pogona vitticeps","eagle","skinks","Predator-prey"
"Aquila audax","Taeniopygia guttata","eagle","bird","Predator-prey"
"Aquila audax","Tiliqua multifasciata","eagle","skinks","Predator-prey"
"Aquila audax","Tiliqua occipitalis","eagle","skinks","Predator-prey"
"Aquila audax","Varanus gouldii","eagle","goanna","Predator-prey"
"Aquila audax","Corvus cecilae","eagle","bird","Predator-prey"
"Aquila audax","Falco longipennis","eagle","bird","Predator-prey"
"Aquila audax","Fulica atra","eagle","bird","Predator-prey"
"Aquila audax","Anas superciliosa","eagle","bird","Predator-prey"
"Bettongia lesueur","Eragrostis eriopoda","small mammal","spinifex","Predator-prey"
"Bettongia lesueur","Eragrostis lanipes","small mammal","spinifex","Predator-prey"
"Bettongia lesueur","Eragrostis setifolia","small mammal","spinifex","Predator-prey"
"Bettongia lesueur","Panicum decompositum","small mammal","spinifex","Predator-prey"
"Bettongia lesueur","Plectrachne schinzii","small mammal","spinifex","Predator-prey"
"Bettongia lesueur","Ptilotus exaltatus","small mammal","forb","Predator-prey"
"Bettongia lesueur","Ptilotus macrocephalus","small mammal","forb","Predator-prey"
"Bettongia lesueur","Ptilotus polystachyus","small mammal","forb","Predator-prey"
"Bettongia lesueur","Sida calyxhymenia","small mammal","bush","Predator-prey"
"Bettongia lesueur","Triodia basedownii","small mammal","spinifex","Predator-prey"
"Bettongia lesueur","Triodia longiceps","small mammal","spinifex","Predator-prey"
"Bettongia lesueur","Triodia pungens","small mammal","spinifex","Predator-prey"
"Canis lupus dingo","Ardeotis australis","dingo","bustard","Predator-prey"
"Canis lupus dingo","Bettongia lesueur","dingo","small mammal","Predator-prey"
"Canis lupus dingo","Chaeropus ecaudatus","dingo","small mammal","Predator-prey"
"Canis lupus dingo","Chilopoda","dingo","insect","Predator-prey"
"Canis lupus dingo","Coleoptera","dingo","insect","Predator-prey"
"Canis lupus dingo","Ctenophorus caudicinctus","dingo","skinks","Predator-prey"
"Canis lupus dingo","Ctenotus isolepis","dingo","skinks","Predator-prey"
"Canis lupus dingo","Felis catus","dingo","invasive small mammal","Predator-prey"
"Canis lupus dingo","human","dingo","human","Predator-prey"
"Canis lupus dingo","Lagorchestes hirsutus","dingo","small mammal","Predator-prey"
"Canis lupus dingo","Lophognatus gilberti","dingo","skinks","Predator-prey"
"Canis lupus dingo","Macropus robustus","dingo","kangaroo","Predator-prey"
"Canis lupus dingo","Notomys sp.","dingo","small mammal","Predator-prey"
"Canis lupus dingo","Orthoptera","dingo","insect","Predator-prey"
"Canis lupus dingo","Perameles eremiana","dingo","small mammal","Predator-prey"
"Canis lupus dingo","Pogona minor","dingo","skinks","Predator-prey"
"Canis lupus dingo","Pogona vitticeps","dingo","skinks","Predator-prey"
"Canis lupus dingo","Tiliqua multifasciata","dingo","skinks","Predator-prey"
"Canis lupus dingo","Tiliqua occipitalis","dingo","skinks","Predator-prey"
"Canis lupus dingo","Varanus gouldii","dingo","goanna","Predator-prey"
"Canis lupus dingo","Aquila audax","dingo","eagle","Predator-prey"
"Canis lupus dingo","Ardeotis australis","dingo","bustard","Predator-prey"
"Canis lupus dingo","Camelus dromedarius","dingo","camel","Predator-prey"
"Canis lupus dingo","Dromaius novaehollandiae","dingo","emu","Predator-prey"
"Canis lupus dingo","Fulica atra","dingo","bird","Predator-prey"
"Canis lupus dingo","Vulpes vulpes","dingo","invasive small mammal","Predator-prey"
"Canis lupus dingo","Varanus acanthurus","dingo","goanna","Predator-prey"
"Canis lupus dingo","Tympanocryptis tetraporophora","dingo","skinks","Predator-prey"
"Canis lupus dingo","Trichosurus vulpecula","dingo","small mammal","Predator-prey"
"Canis lupus dingo","Isodon auratus","dingo","small mammal","Predator-prey"
"Canis lupus dingo","Macropus rufus","dingo","kangaroo","Predator-prey"
"Canis lupus dingo","Notoryctes caurinus","dingo","small mammal","Predator-prey"
"Canis lupus dingo","Petrogale lateralis","dingo","small mammal","Predator-prey"
"Canis lupus dingo","Tachyglossus aculeatus","dingo","small mammal","Predator-prey"
"Felis catus","Amphibolurus burnsi","invasive small mammal","skinks","Predator-prey"
"Felis catus","Ctenotus isolepis","invasive small mammal","skinks","Predator-prey"
"Felis catus","Ctenotus leonhardii","invasive small mammal","skinks","Predator-prey"
"Felis catus","Ctenotus robustus","invasive small mammal","skinks","Predator-prey"
"Felis catus","Egernia striolata","invasive small mammal","skinks","Predator-prey"
"Felis catus","Heteronotia binoei","invasive small mammal","skinks","Predator-prey"
"Felis catus","Lagorchestes hirsutus","invasive small mammal","small mammal","Predator-prey"
"Felis catus","Leggadina forresti","invasive small mammal","small mammal","Predator-prey"
"Felis catus","Notomys sp.","invasive small mammal","small mammal","Predator-prey"
"Felis catus","Oedura marmorata","invasive small mammal","skinks","Predator-prey"
"Felis catus","Pogona vitticeps","invasive small mammal","skinks","Predator-prey"
"Felis catus","Pseudechis australis","invasive small mammal","Snakes","Predator-prey"
"Felis catus","Pygopus schraderi","invasive small mammal","skinks","Predator-prey"
"Felis catus","Reptile eggs","invasive small mammal","eggs","Predator-prey"
"Felis catus","Sminthopsis macroura","invasive small mammal","small mammal","Predator-prey"
"Felis catus","Stiltia isabella","invasive small mammal","bird","Predator-prey"
"Felis catus","Suta suta","invasive small mammal","Snakes","Predator-prey"
"Felis catus","Taeniopygia guttata","invasive small mammal","bird","Predator-prey"
"Felis catus","Turnix velox","invasive small mammal","bird","Predator-prey"
"Felis catus","Tympanocryptis tetraporophora","invasive small mammal","skinks","Predator-prey"
"Felis catus","Varanus gouldii","invasive small mammal","goanna","Predator-prey"
"Felis catus","Ardeotis australis","invasive small mammal","bustard","Predator-prey"
"Felis catus","Corvus cecilae","invasive small mammal","bird","Predator-prey"
"Felis catus","Fulica atra","invasive small mammal","bird","Predator-prey"
"Felis catus","Vulpes vulpes","invasive small mammal","invasive small mammal","Predator-prey"
"Felis catus","Varanus acanthurus","invasive small mammal","goanna","Predator-prey"
"Felis catus","Tympanocryptis tetraporophora","invasive small mammal","skinks","Predator-prey"
"Felis catus","Trichosurus vulpecula","invasive small mammal","small mammal","Predator-prey"
"Felis catus","Melopsittacus undulatus","invasive small mammal","bird","Predator-prey"
"Felis catus","Notoryctes caurinus","invasive small mammal","small mammal","Predator-prey"
"Felis catus","Ocyphaps lophotes","invasive small mammal","bird","Predator-prey"
"Felis catus","Petrogale lateralis","invasive small mammal","small mammal","Predator-prey"
"Felis catus","Tachyglossus aculeatus","invasive small mammal","small mammal","Predator-prey"
"human","Acacia acradenia","human","Acacia","Predator-prey"
"human","Acacia aneura","human","Acacia","Predator-prey"
"human","Acacia coriacea","human","Acacia","Predator-prey"
"human","Acacia cowleana","human","Acacia","Predator-prey"
"human","Acacia cuthbertsoni","human","Acacia","Predator-prey"
"human","Acacia dictyophleba","human","Acacia","Predator-prey"
"human","Acacia kempeana","human","Acacia","Predator-prey"
"human","Acacia ligulata","human","Acacia","Predator-prey"
"human","Acacia pruinocarpa","human","Acacia","Predator-prey"
"human","Acacia spondylophylla","human","Acacia","Predator-prey"
"human","Acacia tetragonophylla","human","Acacia","Predator-prey"
"human","Allocasuarina decaisneana","human","Acacia","Predator-prey"
"human","Amyema sp.","human","vine","Predator-prey"
"human","Anas superciliosa","human","bird","Predator-prey"
"human","Antaresia stimsoni","human","Snakes","Predator-prey"
"human","Aquila audax","human","eagle","Predator-prey"
"human","Ardeotis australis","human","bustard","Predator-prey"
"human","Aspidites melanocephalus","human","Snakes","Predator-prey"
"human","Aspidites ramsayii","human","Snakes","Predator-prey"
"human","Bettongia lesueur","human","small mammal","Predator-prey"
"human","Blattodea","human","insect","Predator-prey"
"human","Calyptorhynchus roseicapilla","human","bird","Predator-prey"
"human","Camelus dromedarius","human","camel","Predator-prey"
"human","Canis lupus dingo","human","dingo","Predator-prey"
"human","Canthium attenuatum","human","vine","Predator-prey"
"human","Canthium latifolium","human","vine","Predator-prey"
"human","Capparis loranthifolia","human","bush","Predator-prey"
"human","Capparis umbonata","human","bush","Predator-prey"
"human","Chaeropus ecaudatus","human","small mammal","Predator-prey"
"human","Chioromyces aboriginum","human","fungus","Predator-prey"
"human","Corvus cecilae","human","bird","Predator-prey"
"human","Ctenotus isolepis","human","skinks","Predator-prey"
"human","Cucumis melo (agrestis)","human","vine","Predator-prey"
"human","Cynanchum floribundum","human","bush","Predator-prey"
"human","Dactyloctenium radulans","human","forb","Predator-prey"
"human","Dasycercus cristicauda","human","small mammal","Predator-prey"
"human","Dasycercus hilleri","human","small mammal","Predator-prey"
"human","Dasyurus hallucatus","human","small mammal","Predator-prey"
"human","Dromaius novaehollandiae","human","emu","Predator-prey"
"human","Egernia kintorei","human","skinks","Predator-prey"
"human","Egernia striata","human","skinks","Predator-prey"
"human","Enchylaena tomentosa","human","bush","Predator-prey"
"human","Eucalyptus opaca","human","Acacia","Predator-prey"
"human","Falco longipennis","human","bird","Predator-prey"
"human","Felis catus","human","invasive small mammal","Predator-prey"
"human","Fulica atra","human","bird","Predator-prey"
"human","Hakea leucoptera","human","wama","Predator-prey"
"human","Hakea suberea","human","wama","Predator-prey"
"human","human","human","human","Predator-prey"
"human","Isodon auratus","human","small mammal","Predator-prey"
"human","Lagorchestes hirsutus","human","small mammal","Predator-prey"
"human","Macropus robustus","human","kangaroo","Predator-prey"
"human","Macropus rufus","human","kangaroo","Predator-prey"
"human","Macrotis lagotis","human","small mammal","Predator-prey"
"human","Melopsittacus undulatus","human","bird","Predator-prey"
"human","Moloch horridus","human","skinks","Predator-prey"
"human","Mycoclelandia bulundarii","human","fungus","Predator-prey"
"human","Notomys sp.","human","small mammal","Predator-prey"
"human","Notoryctes caurinus","human","small mammal","Predator-prey"
"human","Ocyphaps lophotes","human","bird","Predator-prey"
"human","Oryctolagus cuniculus","human","invasive small mammal","Predator-prey"
"human","Panicum decompositum","human","spinifex","Predator-prey"
"human","Perameles eremiana","human","small mammal","Predator-prey"
"human","Petrogale lateralis","human","small mammal","Predator-prey"
"human","Psylla eucalypti","human","vine","Predator-prey"
"human","Rhyncharrhena linearis","human","forb","Predator-prey"
"human","Santalum acuminatum","human","bush","Predator-prey"
"human","Santalum lanceolatum","human","bush","Predator-prey"
"human","Senna sp.","human","bush","Predator-prey"
"human","Solanum centrale","human","solanum","Predator-prey"
"human","Solanum chippendalei","human","solanum","Predator-prey"
"human","Solanum cleistogamum","human","solanum","Predator-prey"
"human","Solanum diversiflorum","human","solanum","Predator-prey"
"human","Solanum gilesii","human","solanum","Predator-prey"
"human","Tachyglossus aculeatus","human","small mammal","Predator-prey"
"human","Taeniopygia guttata","human","bird","Predator-prey"
"human","Tecticornia verrucosa","human","bush","Predator-prey"
"human","Tiliqua multifasciata","human","skinks","Predator-prey"
"human","Tiliqua occipitalis","human","skinks","Predator-prey"
"human","Trichosurus vulpecula","human","small mammal","Predator-prey"
"human","Turnix velox","human","bird","Predator-prey"
"human","Varanus giganteus","human","goanna","Predator-prey"
"human","Varanus gouldii","human","goanna","Predator-prey"
"human","Varanus panoptes","human","goanna","Predator-prey"
"human","Vulpes vulpes","human","invasive small mammal","Predator-prey"
"human","Yakirra australiensis","human","spinifex","Predator-prey"
"Lagorchestes hirsutus","Araneidae","small mammal","insect","Predator-prey"
"Lagorchestes hirsutus","Blattodea","small mammal","insect","Predator-prey"
"Lagorchestes hirsutus","Chilopoda","small mammal","insect","Predator-prey"
"Lagorchestes hirsutus","Coleoptera","small mammal","insect","Predator-prey"
"Lagorchestes hirsutus","Formicidae","small mammal","insect","Predator-prey"
"Lagorchestes hirsutus","Lepidoptera","small mammal","insect","Predator-prey"
"Lagorchestes hirsutus","Portulaca oleracea","small mammal","forb","Predator-prey"
"Lagorchestes hirsutus","Ptilotus exaltatus","small mammal","forb","Predator-prey"
"Lagorchestes hirsutus","Ptilotus macrocephalus","small mammal","forb","Predator-prey"
"Lagorchestes hirsutus","Triodia basedownii","small mammal","spinifex","Predator-prey"
"Lagorchestes hirsutus","Triodia longiceps","small mammal","spinifex","Predator-prey"
"Lagorchestes hirsutus","Triodia pungens","small mammal","spinifex","Predator-prey"
"Fire","Acacia acradenia","fire","Acacia","Predator-prey"
"Fire","Acacia aneura","fire","Acacia","Predator-prey"
"Fire","Acacia coriacea","fire","Acacia","Predator-prey"
"Fire","Acacia cowleana","fire","Acacia","Predator-prey"
"Fire","Acacia cuthbertsoni","fire","Acacia","Predator-prey"
"Fire","Acacia dictyophleba","fire","Acacia","Predator-prey"
"Fire","Acacia kempeana","fire","Acacia","Predator-prey"
"Fire","Acacia ligulata","fire","Acacia","Predator-prey"
"Fire","Acacia pruinocarpa","fire","Acacia","Predator-prey"
"Fire","Acacia spondylophylla","fire","Acacia","Predator-prey"
"Fire","Acacia tetragonophylla","fire","Acacia","Predator-prey"
"Fire","Amyema sp.","fire","vine","Predator-prey"
"Fire","Calandrinia polyandra","fire","forb","Predator-prey"
"Fire","Canthium attenuatum","fire","vine","Predator-prey"
"Fire","Canthium latifolium","fire","vine","Predator-prey"
"Fire","Capparis loranthifolia","fire","bush","Predator-prey"
"Fire","Capparis umbonata","fire","bush","Predator-prey"
"Fire","Chenopodium curvispicatum","fire","forb","Predator-prey"
"Fire","Chioromyces aboriginum","fire","fungus","Predator-prey"
"Fire","Cucumis melo (agrestis)","fire","vine","Predator-prey"
"Fire","Cynanchum floribundum","fire","bush","Predator-prey"
"Fire","Dactyloctenium radulans","fire","forb","Predator-prey"
"Fire","Daucus glochidiatus","fire","forb","Predator-prey"
"Fire","Enchylaena tomentosa","fire","bush","Predator-prey"
"Fire","Eragrostis eriopoda","fire","spinifex","Predator-prey"
"Fire","Eragrostis lanipes","fire","spinifex","Predator-prey"
"Fire","Eragrostis setifolia","fire","spinifex","Predator-prey"
"Fire","Eremophila latrobei","fire","forb","Predator-prey"
"Fire","Eremophila longifolia","fire","forb","Predator-prey"
"Fire","Ficus brachypoda","fire","vine","Predator-prey"
"Fire","Grevillea eriostachya","fire","wama","Predator-prey"
"Fire","Grevillea stenobotrya","fire","wama","Predator-prey"
"Fire","Grevillea wickhamii","fire","wama","Predator-prey"
"Fire","Hakea leucoptera","fire","wama","Predator-prey"
"Fire","Hakea suberea","fire","wama","Predator-prey"
"Fire","Leptosema chambersii","fire","bush","Predator-prey"
"Fire","Nitraria billardierei","fire","bush","Predator-prey"
"Fire","Panicum decompositum","fire","spinifex","Predator-prey"
"Fire","Plectrachne schinzii","fire","spinifex","Predator-prey"
"Fire","Portulaca oleracea","fire","forb","Predator-prey"
"Fire","Ptilotus exaltatus","fire","forb","Predator-prey"
"Fire","Ptilotus macrocephalus","fire","forb","Predator-prey"
"Fire","Ptilotus polystachyus","fire","forb","Predator-prey"
"Fire","Rhyncharrhena linearis","fire","forb","Predator-prey"
"Fire","Santalum acuminatum","fire","bush","Predator-prey"
"Fire","Santalum lanceolatum","fire","bush","Predator-prey"
"Fire","Scaevola parvifolia","fire","bush","Predator-prey"
"Fire","Senna sp.","fire","bush","Predator-prey"
"Fire","Sida calyxhymenia","fire","bush","Predator-prey"
"Fire","Solanum centrale","fire","solanum","Predator-prey"
"Fire","Solanum chippendalei","fire","solanum","Predator-prey"
"Fire","Solanum cleistogamum","fire","solanum","Predator-prey"
"Fire","Solanum diversiflorum","fire","solanum","Predator-prey"
"Fire","Solanum gilesii","fire","solanum","Predator-prey"
"Fire","Solanum lasiophyllum","fire","solanum","Predator-prey"
"Fire","Tecticornia verrucosa","fire","bush","Predator-prey"
"Fire","Tetragonia eremaea","fire","forb","Predator-prey"
"Fire","Thryptomene maisonneuve","fire","bush","Predator-prey"
"Fire","Thyridolepis multiculmis","fire","spinifex","Predator-prey"
"Fire","Triodia basedownii","fire","spinifex","Predator-prey"
"Fire","Triodia longiceps","fire","spinifex","Predator-prey"
"Fire","Triodia pungens","fire","spinifex","Predator-prey"
"Fire","Yakirra australiensis","fire","spinifex","Predator-prey"
"Fire","Bird egg shell","fire","eggs","Predator-prey"
"Fire","Reptile eggs","fire","eggs","Predator-prey"
"Fire","Blattodea","fire","insect","Predator-prey"
"Fire","Araneidae","fire","insect","Predator-prey"
"Fire","Chilopoda","fire","insect","Predator-prey"
"Fire","Phasmatodea","fire","insect","Predator-prey"
"Fire","Tiliqua multifasciata","fire","skinks","Predator-prey"
"Fire","Tiliqua occipitalis","fire","skinks","Predator-prey"
"Fire","Tiliqua scincoides","fire","skinks","Predator-prey"
"Fire","Ctenophorus caudicinctus","fire","skinks","Predator-prey"
"Fire","Moloch horridus","fire","skinks","Predator-prey"
"Fire","Ctenotus isolepis","fire","skinks","Predator-prey"
"Fire","Ctenotus leonhardii","fire","skinks","Predator-prey"
"Fire","Ctenotus robustus","fire","skinks","Predator-prey"
"Fire","Ctenotus strauchii","fire","skinks","Predator-prey"
"Fire","Pogona minor","fire","skinks","Predator-prey"
"Fire","Pogona vitticeps","fire","skinks","Predator-prey"
